{"timestamp":"2026-09-18T10:08:29.795111Z","level":"info","event":"Filling up the DagBag from /opt/airflow/dags/meteo_etl.py","logger":"airflow.dag_processing.dagbag.BundleDagBag","filename":"dagbag.py","lineno":460}
{"timestamp":"2026-09-18T10:08:29.819471Z","level":"warning","event":"The `airflow.operators.python.PythonOperator` attribute is deprecated. Please use `'airflow.providers.standard.operators.python.PythonOperator'`.","category":"UserWarning","filename":"/opt/airflow/dags/meteo_etl.py","lineno":4,"logger":"py.warnings"}
{"timestamp":"2026-09-18T10:09:00.192182Z","level":"info","event":"Filling up the DagBag from /opt/airflow/dags/meteo_etl.py","logger":"airflow.dag_processing.dagbag.BundleDagBag","filename":"dagbag.py","lineno":460}
{"timestamp":"2026-09-18T10:09:00.214621Z","level":"warning","event":"The `airflow.operators.python.PythonOperator` attribute is deprecated. Please use `'airflow.providers.standard.operators.python.PythonOperator'`.","category":"UserWarning","filename":"/opt/airflow/dags/meteo_etl.py","lineno":4,"logger":"py.warnings"}
{"timestamp":"2026-09-18T10:09:30.369418Z","level":"info","event":"Filling up the DagBag from /opt/airflow/dags/meteo_etl.py","logger":"airflow.dag_processing.dagbag.BundleDagBag","filename":"dagbag.py","lineno":460}
{"timestamp":"2026-09-18T10:09:30.396141Z","level":"warning","event":"The `airflow.operators.python.PythonOperator` attribute is deprecated. Please use `'airflow.providers.standard.operators.python.PythonOperator'`.","category":"UserWarning","filename":"/opt/airflow/dags/meteo_etl.py","lineno":4,"logger":"py.warnings"}
{"timestamp":"2026-09-18T10:10:01.134971Z","level":"info","event":"Filling up the DagBag from /opt/airflow/dags/meteo_etl.py","logger":"airflow.dag_processing.dagbag.BundleDagBag","filename":"dagbag.py","lineno":460}
{"timestamp":"2026-09-18T10:10:01.151778Z","level":"warning","event":"The `airflow.operators.python.PythonOperator` attribute is deprecated. Please use `'airflow.providers.standard.operators.python.PythonOperator'`.","category":"UserWarning","filename":"/opt/airflow/dags/meteo_etl.py","lineno":4,"logger":"py.warnings"}
{"timestamp":"2026-09-18T10:10:31.816205Z","level":"info","event":"Filling up the DagBag from /opt/airflow/dags/meteo_etl.py","logger":"airflow.dag_processing.dagbag.BundleDagBag","filename":"dagbag.py","lineno":460}
{"timestamp":"2026-09-18T10:10:31.838766Z","level":"warning","event":"The `airflow.operators.python.PythonOperator` attribute is deprecated. Please use `'airflow.providers.standard.operators.python.PythonOperator'`.","category":"UserWarning","filename":"/opt/airflow/dags/meteo_etl.py","lineno":4,"logger":"py.warnings"}
{"timestamp":"2026-09-18T10:11:02.567963Z","level":"info","event":"Filling up the DagBag from /opt/airflow/dags/meteo_etl.py","logger":"airflow.dag_processing.dagbag.BundleDagBag","filename":"dagbag.py","lineno":460}
{"timestamp":"2026-09-18T10:11:02.588436Z","level":"warning","event":"The `airflow.operators.python.PythonOperator` attribute is deprecated. Please use `'airflow.providers.standard.operators.python.PythonOperator'`.","category":"UserWarning","filename":"/opt/airflow/dags/meteo_etl.py","lineno":4,"logger":"py.warnings"}
{"timestamp":"2026-09-18T10:11:33.065856Z","level":"info","event":"Filling up the DagBag from /opt/airflow/dags/meteo_etl.py","logger":"airflow.dag_processing.dagbag.BundleDagBag","filename":"dagbag.py","lineno":460}
{"timestamp":"2026-09-18T10:11:33.087042Z","level":"warning","event":"The `airflow.operators.python.PythonOperator` attribute is deprecated. Please use `'airflow.providers.standard.operators.python.PythonOperator'`.","category":"UserWarning","filename":"/opt/airflow/dags/meteo_etl.py","lineno":4,"logger":"py.warnings"}
{"timestamp":"2026-09-18T10:12:03.835017Z","level":"info","event":"Filling up the DagBag from /opt/airflow/dags/meteo_etl.py","logger":"airflow.dag_processing.dagbag.BundleDagBag","filename":"dagbag.py","lineno":460}
{"timestamp":"2026-09-18T10:12:03.852007Z","level":"warning","event":"The `airflow.operators.python.PythonOperator` attribute is deprecated. Please use `'airflow.providers.standard.operators.python.PythonOperator'`.","category":"UserWarning","filename":"/opt/airflow/dags/meteo_etl.py","lineno":4,"logger":"py.warnings"}
{"timestamp":"2026-09-18T10:12:34.358636Z","level":"info","event":"Filling up the DagBag from /opt/airflow/dags/meteo_etl.py","logger":"airflow.dag_processing.dagbag.BundleDagBag","filename":"dagbag.py","lineno":460}
{"timestamp":"2026-09-18T10:12:34.382214Z","level":"warning","event":"The `airflow.operators.python.PythonOperator` attribute is deprecated. Please use `'airflow.providers.standard.operators.python.PythonOperator'`.","category":"UserWarning","filename":"/opt/airflow/dags/meteo_etl.py","lineno":4,"logger":"py.warnings"}
{"timestamp":"2026-09-18T10:13:04.865035Z","level":"info","event":"Filling up the DagBag from /opt/airflow/dags/meteo_etl.py","logger":"airflow.dag_processing.dagbag.BundleDagBag","filename":"dagbag.py","lineno":460}
{"timestamp":"2026-09-18T10:13:04.888502Z","level":"warning","event":"The `airflow.operators.python.PythonOperator` attribute is deprecated. Please use `'airflow.providers.standard.operators.python.PythonOperator'`.","category":"UserWarning","filename":"/opt/airflow/dags/meteo_etl.py","lineno":4,"logger":"py.warnings"}
{"timestamp":"2026-09-18T10:13:35.395962Z","level":"info","event":"Filling up the DagBag from /opt/airflow/dags/meteo_etl.py","logger":"airflow.dag_processing.dagbag.BundleDagBag","filename":"dagbag.py","lineno":460}
{"timestamp":"2026-09-18T10:13:35.424781Z","level":"warning","event":"The `airflow.operators.python.PythonOperator` attribute is deprecated. Please use `'airflow.providers.standard.operators.python.PythonOperator'`.","category":"UserWarning","filename":"/opt/airflow/dags/meteo_etl.py","lineno":4,"logger":"py.warnings"}
{"timestamp":"2026-09-18T10:14:06.310819Z","level":"info","event":"Filling up the DagBag from /opt/airflow/dags/meteo_etl.py","logger":"airflow.dag_processing.dagbag.BundleDagBag","filename":"dagbag.py","lineno":460}
{"timestamp":"2026-09-18T10:14:06.337429Z","level":"warning","event":"The `airflow.operators.python.PythonOperator` attribute is deprecated. Please use `'airflow.providers.standard.operators.python.PythonOperator'`.","category":"UserWarning","filename":"/opt/airflow/dags/meteo_etl.py","lineno":4,"logger":"py.warnings"}
{"timestamp":"2026-09-18T10:14:37.285610Z","level":"info","event":"Filling up the DagBag from /opt/airflow/dags/meteo_etl.py","logger":"airflow.dag_processing.dagbag.BundleDagBag","filename":"dagbag.py","lineno":460}
{"timestamp":"2026-09-18T10:14:37.305148Z","level":"warning","event":"The `airflow.operators.python.PythonOperator` attribute is deprecated. Please use `'airflow.providers.standard.operators.python.PythonOperator'`.","category":"UserWarning","filename":"/opt/airflow/dags/meteo_etl.py","lineno":4,"logger":"py.warnings"}
{"timestamp":"2026-09-18T10:15:08.288627Z","level":"info","event":"Filling up the DagBag from /opt/airflow/dags/meteo_etl.py","logger":"airflow.dag_processing.dagbag.BundleDagBag","filename":"dagbag.py","lineno":460}
{"timestamp":"2026-09-18T10:15:08.307485Z","level":"warning","event":"The `airflow.operators.python.PythonOperator` attribute is deprecated. Please use `'airflow.providers.standard.operators.python.PythonOperator'`.","category":"UserWarning","filename":"/opt/airflow/dags/meteo_etl.py","lineno":4,"logger":"py.warnings"}
{"timestamp":"2026-09-18T10:15:39.216123Z","level":"info","event":"Filling up the DagBag from /opt/airflow/dags/meteo_etl.py","logger":"airflow.dag_processing.dagbag.BundleDagBag","filename":"dagbag.py","lineno":460}
{"timestamp":"2026-09-18T10:15:39.244737Z","level":"warning","event":"The `airflow.operators.python.PythonOperator` attribute is deprecated. Please use `'airflow.providers.standard.operators.python.PythonOperator'`.","category":"UserWarning","filename":"/opt/airflow/dags/meteo_etl.py","lineno":4,"logger":"py.warnings"}
{"timestamp":"2026-09-18T10:16:09.726044Z","level":"info","event":"Filling up the DagBag from /opt/airflow/dags/meteo_etl.py","logger":"airflow.dag_processing.dagbag.BundleDagBag","filename":"dagbag.py","lineno":460}
{"timestamp":"2026-09-18T10:16:09.751374Z","level":"warning","event":"The `airflow.operators.python.PythonOperator` attribute is deprecated. Please use `'airflow.providers.standard.operators.python.PythonOperator'`.","category":"UserWarning","filename":"/opt/airflow/dags/meteo_etl.py","lineno":4,"logger":"py.warnings"}
{"timestamp":"2026-09-18T10:16:40.586769Z","level":"info","event":"Filling up the DagBag from /opt/airflow/dags/meteo_etl.py","logger":"airflow.dag_processing.dagbag.BundleDagBag","filename":"dagbag.py","lineno":460}
{"timestamp":"2026-09-18T10:16:40.633184Z","level":"warning","event":"The `airflow.operators.python.PythonOperator` attribute is deprecated. Please use `'airflow.providers.standard.operators.python.PythonOperator'`.","category":"UserWarning","filename":"/opt/airflow/dags/meteo_etl.py","lineno":4,"logger":"py.warnings"}
{"timestamp":"2026-09-18T10:17:11.255818Z","level":"info","event":"Filling up the DagBag from /opt/airflow/dags/meteo_etl.py","logger":"airflow.dag_processing.dagbag.BundleDagBag","filename":"dagbag.py","lineno":460}
{"timestamp":"2026-09-18T10:17:11.282605Z","level":"warning","event":"The `airflow.operators.python.PythonOperator` attribute is deprecated. Please use `'airflow.providers.standard.operators.python.PythonOperator'`.","category":"UserWarning","filename":"/opt/airflow/dags/meteo_etl.py","lineno":4,"logger":"py.warnings"}
{"timestamp":"2026-09-18T10:17:41.960387Z","level":"info","event":"Filling up the DagBag from /opt/airflow/dags/meteo_etl.py","logger":"airflow.dag_processing.dagbag.BundleDagBag","filename":"dagbag.py","lineno":460}
{"timestamp":"2026-09-18T10:17:41.981193Z","level":"warning","event":"The `airflow.operators.python.PythonOperator` attribute is deprecated. Please use `'airflow.providers.standard.operators.python.PythonOperator'`.","category":"UserWarning","filename":"/opt/airflow/dags/meteo_etl.py","lineno":4,"logger":"py.warnings"}
{"timestamp":"2026-09-18T10:18:12.058056Z","level":"info","event":"Filling up the DagBag from /opt/airflow/dags/meteo_etl.py","logger":"airflow.dag_processing.dagbag.BundleDagBag","filename":"dagbag.py","lineno":460}
{"timestamp":"2026-09-18T10:18:12.071841Z","level":"warning","event":"The `airflow.operators.python.PythonOperator` attribute is deprecated. Please use `'airflow.providers.standard.operators.python.PythonOperator'`.","category":"UserWarning","filename":"/opt/airflow/dags/meteo_etl.py","lineno":4,"logger":"py.warnings"}
{"timestamp":"2026-09-18T10:18:42.333525Z","level":"info","event":"Filling up the DagBag from /opt/airflow/dags/meteo_etl.py","logger":"airflow.dag_processing.dagbag.BundleDagBag","filename":"dagbag.py","lineno":460}
{"timestamp":"2026-09-18T10:18:42.349818Z","level":"warning","event":"The `airflow.operators.python.PythonOperator` attribute is deprecated. Please use `'airflow.providers.standard.operators.python.PythonOperator'`.","category":"UserWarning","filename":"/opt/airflow/dags/meteo_etl.py","lineno":4,"logger":"py.warnings"}
{"timestamp":"2026-09-18T10:19:12.945645Z","level":"info","event":"Filling up the DagBag from /opt/airflow/dags/meteo_etl.py","logger":"airflow.dag_processing.dagbag.BundleDagBag","filename":"dagbag.py","lineno":460}
{"timestamp":"2026-09-18T10:19:12.966525Z","level":"warning","event":"The `airflow.operators.python.PythonOperator` attribute is deprecated. Please use `'airflow.providers.standard.operators.python.PythonOperator'`.","category":"UserWarning","filename":"/opt/airflow/dags/meteo_etl.py","lineno":4,"logger":"py.warnings"}
{"timestamp":"2026-09-18T10:19:43.134523Z","level":"info","event":"Filling up the DagBag from /opt/airflow/dags/meteo_etl.py","logger":"airflow.dag_processing.dagbag.BundleDagBag","filename":"dagbag.py","lineno":460}
{"timestamp":"2026-09-18T10:19:43.155031Z","level":"warning","event":"The `airflow.operators.python.PythonOperator` attribute is deprecated. Please use `'airflow.providers.standard.operators.python.PythonOperator'`.","category":"UserWarning","filename":"/opt/airflow/dags/meteo_etl.py","lineno":4,"logger":"py.warnings"}
{"timestamp":"2026-09-18T10:20:13.596908Z","level":"info","event":"Filling up the DagBag from /opt/airflow/dags/meteo_etl.py","logger":"airflow.dag_processing.dagbag.BundleDagBag","filename":"dagbag.py","lineno":460}
{"timestamp":"2026-09-18T10:20:13.615950Z","level":"warning","event":"The `airflow.operators.python.PythonOperator` attribute is deprecated. Please use `'airflow.providers.standard.operators.python.PythonOperator'`.","category":"UserWarning","filename":"/opt/airflow/dags/meteo_etl.py","lineno":4,"logger":"py.warnings"}
{"timestamp":"2026-09-18T10:20:44.285155Z","level":"info","event":"Filling up the DagBag from /opt/airflow/dags/meteo_etl.py","logger":"airflow.dag_processing.dagbag.BundleDagBag","filename":"dagbag.py","lineno":460}
{"timestamp":"2026-09-18T10:20:44.302646Z","level":"warning","event":"The `airflow.operators.python.PythonOperator` attribute is deprecated. Please use `'airflow.providers.standard.operators.python.PythonOperator'`.","category":"UserWarning","filename":"/opt/airflow/dags/meteo_etl.py","lineno":4,"logger":"py.warnings"}
{"timestamp":"2026-09-18T10:21:15.662895Z","level":"info","event":"Filling up the DagBag from /opt/airflow/dags/meteo_etl.py","logger":"airflow.dag_processing.dagbag.BundleDagBag","filename":"dagbag.py","lineno":460}
{"timestamp":"2026-09-18T10:21:15.700502Z","level":"warning","event":"The `airflow.operators.python.PythonOperator` attribute is deprecated. Please use `'airflow.providers.standard.operators.python.PythonOperator'`.","category":"UserWarning","filename":"/opt/airflow/dags/meteo_etl.py","lineno":4,"logger":"py.warnings"}
{"timestamp":"2026-09-18T10:21:46.958880Z","level":"info","event":"Filling up the DagBag from /opt/airflow/dags/meteo_etl.py","logger":"airflow.dag_processing.dagbag.BundleDagBag","filename":"dagbag.py","lineno":460}
{"timestamp":"2026-09-18T10:21:46.989517Z","level":"warning","event":"The `airflow.operators.python.PythonOperator` attribute is deprecated. Please use `'airflow.providers.standard.operators.python.PythonOperator'`.","category":"UserWarning","filename":"/opt/airflow/dags/meteo_etl.py","lineno":4,"logger":"py.warnings"}
{"timestamp":"2026-09-18T10:22:17.650818Z","level":"info","event":"Filling up the DagBag from /opt/airflow/dags/meteo_etl.py","logger":"airflow.dag_processing.dagbag.BundleDagBag","filename":"dagbag.py","lineno":460}
{"timestamp":"2026-09-18T10:22:17.686624Z","level":"warning","event":"The `airflow.operators.python.PythonOperator` attribute is deprecated. Please use `'airflow.providers.standard.operators.python.PythonOperator'`.","category":"UserWarning","filename":"/opt/airflow/dags/meteo_etl.py","lineno":4,"logger":"py.warnings"}
{"timestamp":"2026-09-18T10:22:48.667036Z","level":"info","event":"Filling up the DagBag from /opt/airflow/dags/meteo_etl.py","logger":"airflow.dag_processing.dagbag.BundleDagBag","filename":"dagbag.py","lineno":460}
{"timestamp":"2026-09-18T10:22:48.711480Z","level":"warning","event":"The `airflow.operators.python.PythonOperator` attribute is deprecated. Please use `'airflow.providers.standard.operators.python.PythonOperator'`.","category":"UserWarning","filename":"/opt/airflow/dags/meteo_etl.py","lineno":4,"logger":"py.warnings"}
{"timestamp":"2026-09-18T10:23:19.859187Z","level":"info","event":"Filling up the DagBag from /opt/airflow/dags/meteo_etl.py","logger":"airflow.dag_processing.dagbag.BundleDagBag","filename":"dagbag.py","lineno":460}
{"timestamp":"2026-09-18T10:23:19.897974Z","level":"warning","event":"The `airflow.operators.python.PythonOperator` attribute is deprecated. Please use `'airflow.providers.standard.operators.python.PythonOperator'`.","category":"UserWarning","filename":"/opt/airflow/dags/meteo_etl.py","lineno":4,"logger":"py.warnings"}
{"timestamp":"2026-09-18T10:23:50.781875Z","level":"info","event":"Filling up the DagBag from /opt/airflow/dags/meteo_etl.py","logger":"airflow.dag_processing.dagbag.BundleDagBag","filename":"dagbag.py","lineno":460}
{"timestamp":"2026-09-18T10:23:50.854983Z","level":"warning","event":"The `airflow.operators.python.PythonOperator` attribute is deprecated. Please use `'airflow.providers.standard.operators.python.PythonOperator'`.","category":"UserWarning","filename":"/opt/airflow/dags/meteo_etl.py","lineno":4,"logger":"py.warnings"}
{"timestamp":"2026-09-18T10:24:21.839460Z","level":"info","event":"Filling up the DagBag from /opt/airflow/dags/meteo_etl.py","logger":"airflow.dag_processing.dagbag.BundleDagBag","filename":"dagbag.py","lineno":460}
{"timestamp":"2026-09-18T10:24:21.953562Z","level":"warning","event":"The `airflow.operators.python.PythonOperator` attribute is deprecated. Please use `'airflow.providers.standard.operators.python.PythonOperator'`.","category":"UserWarning","filename":"/opt/airflow/dags/meteo_etl.py","lineno":4,"logger":"py.warnings"}
{"timestamp":"2026-09-18T10:24:53.174298Z","level":"info","event":"Filling up the DagBag from /opt/airflow/dags/meteo_etl.py","logger":"airflow.dag_processing.dagbag.BundleDagBag","filename":"dagbag.py","lineno":460}
{"timestamp":"2026-09-18T10:24:53.223726Z","level":"warning","event":"The `airflow.operators.python.PythonOperator` attribute is deprecated. Please use `'airflow.providers.standard.operators.python.PythonOperator'`.","category":"UserWarning","filename":"/opt/airflow/dags/meteo_etl.py","lineno":4,"logger":"py.warnings"}
{"timestamp":"2026-09-18T10:25:24.644517Z","level":"info","event":"Filling up the DagBag from /opt/airflow/dags/meteo_etl.py","logger":"airflow.dag_processing.dagbag.BundleDagBag","filename":"dagbag.py","lineno":460}
{"timestamp":"2026-09-18T10:25:24.689760Z","level":"warning","event":"The `airflow.operators.python.PythonOperator` attribute is deprecated. Please use `'airflow.providers.standard.operators.python.PythonOperator'`.","category":"UserWarning","filename":"/opt/airflow/dags/meteo_etl.py","lineno":4,"logger":"py.warnings"}
{"timestamp":"2026-09-18T10:25:55.846794Z","level":"info","event":"Filling up the DagBag from /opt/airflow/dags/meteo_etl.py","logger":"airflow.dag_processing.dagbag.BundleDagBag","filename":"dagbag.py","lineno":460}
{"timestamp":"2026-09-18T10:25:55.870569Z","level":"warning","event":"The `airflow.operators.python.PythonOperator` attribute is deprecated. Please use `'airflow.providers.standard.operators.python.PythonOperator'`.","category":"UserWarning","filename":"/opt/airflow/dags/meteo_etl.py","lineno":4,"logger":"py.warnings"}
{"timestamp":"2026-09-18T10:26:26.461354Z","level":"info","event":"Filling up the DagBag from /opt/airflow/dags/meteo_etl.py","logger":"airflow.dag_processing.dagbag.BundleDagBag","filename":"dagbag.py","lineno":460}
{"timestamp":"2026-09-18T10:26:26.516595Z","level":"warning","event":"The `airflow.operators.python.PythonOperator` attribute is deprecated. Please use `'airflow.providers.standard.operators.python.PythonOperator'`.","category":"UserWarning","filename":"/opt/airflow/dags/meteo_etl.py","lineno":4,"logger":"py.warnings"}
{"timestamp":"2026-09-18T10:26:57.341578Z","level":"info","event":"Filling up the DagBag from /opt/airflow/dags/meteo_etl.py","logger":"airflow.dag_processing.dagbag.BundleDagBag","filename":"dagbag.py","lineno":460}
{"timestamp":"2026-09-18T10:26:57.433347Z","level":"warning","event":"The `airflow.operators.python.PythonOperator` attribute is deprecated. Please use `'airflow.providers.standard.operators.python.PythonOperator'`.","category":"UserWarning","filename":"/opt/airflow/dags/meteo_etl.py","lineno":4,"logger":"py.warnings"}
{"timestamp":"2026-09-18T10:27:28.287809Z","level":"info","event":"Filling up the DagBag from /opt/airflow/dags/meteo_etl.py","logger":"airflow.dag_processing.dagbag.BundleDagBag","filename":"dagbag.py","lineno":460}
{"timestamp":"2026-09-18T10:27:28.340405Z","level":"warning","event":"The `airflow.operators.python.PythonOperator` attribute is deprecated. Please use `'airflow.providers.standard.operators.python.PythonOperator'`.","category":"UserWarning","filename":"/opt/airflow/dags/meteo_etl.py","lineno":4,"logger":"py.warnings"}
{"timestamp":"2026-09-18T10:27:59.335447Z","level":"info","event":"Filling up the DagBag from /opt/airflow/dags/meteo_etl.py","logger":"airflow.dag_processing.dagbag.BundleDagBag","filename":"dagbag.py","lineno":460}
{"timestamp":"2026-09-18T10:27:59.369432Z","level":"warning","event":"The `airflow.operators.python.PythonOperator` attribute is deprecated. Please use `'airflow.providers.standard.operators.python.PythonOperator'`.","category":"UserWarning","filename":"/opt/airflow/dags/meteo_etl.py","lineno":4,"logger":"py.warnings"}
{"timestamp":"2026-09-18T10:28:29.785284Z","level":"info","event":"Filling up the DagBag from /opt/airflow/dags/meteo_etl.py","logger":"airflow.dag_processing.dagbag.BundleDagBag","filename":"dagbag.py","lineno":460}
{"timestamp":"2026-09-18T10:28:29.836661Z","level":"warning","event":"The `airflow.operators.python.PythonOperator` attribute is deprecated. Please use `'airflow.providers.standard.operators.python.PythonOperator'`.","category":"UserWarning","filename":"/opt/airflow/dags/meteo_etl.py","lineno":4,"logger":"py.warnings"}
{"timestamp":"2026-09-18T10:29:00.335132Z","level":"info","event":"Filling up the DagBag from /opt/airflow/dags/meteo_etl.py","logger":"airflow.dag_processing.dagbag.BundleDagBag","filename":"dagbag.py","lineno":460}
{"timestamp":"2026-09-18T10:29:00.411525Z","level":"warning","event":"The `airflow.operators.python.PythonOperator` attribute is deprecated. Please use `'airflow.providers.standard.operators.python.PythonOperator'`.","category":"UserWarning","filename":"/opt/airflow/dags/meteo_etl.py","lineno":4,"logger":"py.warnings"}
{"timestamp":"2026-09-18T10:29:31.473515Z","level":"info","event":"Filling up the DagBag from /opt/airflow/dags/meteo_etl.py","logger":"airflow.dag_processing.dagbag.BundleDagBag","filename":"dagbag.py","lineno":460}
{"timestamp":"2026-09-18T10:29:31.507887Z","level":"warning","event":"The `airflow.operators.python.PythonOperator` attribute is deprecated. Please use `'airflow.providers.standard.operators.python.PythonOperator'`.","category":"UserWarning","filename":"/opt/airflow/dags/meteo_etl.py","lineno":4,"logger":"py.warnings"}
{"timestamp":"2026-09-18T10:29:41.451470Z","level":"info","event":"Filling up the DagBag from /opt/airflow/dags/meteo_etl.py","logger":"airflow.dag_processing.dagbag.BundleDagBag","filename":"dagbag.py","lineno":460}
{"timestamp":"2026-09-18T10:30:06.445644Z","level":"info","event":"Filling up the DagBag from /opt/airflow/dags/meteo_etl.py","logger":"airflow.dag_processing.dagbag.BundleDagBag","filename":"dagbag.py","lineno":460}
{"timestamp":"2026-09-18T10:30:06.503466Z","level":"error","event":"Failed to import: /opt/airflow/dags/meteo_etl.py","logger":"airflow.dag_processing.importers.python_importer","filename":"python_importer.py","lineno":244,"error_detail":[{"exc_type":"NameError","exc_value":"name 'r' is not defined","exc_notes":[],"syntax_error":null,"is_cause":false,"frames":[{"filename":"/home/airflow/.local/lib/python3.13/site-packages/airflow/dag_processing/importers/python_importer.py","lineno":238,"name":"parse"},{"filename":"<frozen importlib._bootstrap_external>","lineno":1023,"name":"exec_module"},{"filename":"<frozen importlib._bootstrap>","lineno":488,"name":"_call_with_frames_removed"},{"filename":"/opt/airflow/dags/meteo_etl.py","lineno":4,"name":"<module>"}],"is_group":false,"exceptions":[]}]}
{"timestamp":"2026-09-18T10:30:06.518822Z","level":"error","event":"Error loading DAG from meteo_etl.py: name 'r' is not defined","logger":"airflow.dag_processing.dagbag.BundleDagBag","filename":"dagbag.py","lineno":319}
{"timestamp":"2026-09-18T10:30:12.077067Z","level":"info","event":"Filling up the DagBag from /opt/airflow/dags/meteo_etl.py","logger":"airflow.dag_processing.dagbag.BundleDagBag","filename":"dagbag.py","lineno":460}
{"timestamp":"2026-09-18T10:30:12.150616Z","level":"error","event":"Failed to import: /opt/airflow/dags/meteo_etl.py","logger":"airflow.dag_processing.importers.python_importer","filename":"python_importer.py","lineno":244,"error_detail":[{"exc_type":"NameError","exc_value":"name 'PythonOperator' is not defined","exc_notes":[],"syntax_error":null,"is_cause":false,"frames":[{"filename":"/home/airflow/.local/lib/python3.13/site-packages/airflow/dag_processing/importers/python_importer.py","lineno":238,"name":"parse"},{"filename":"<frozen importlib._bootstrap_external>","lineno":1023,"name":"exec_module"},{"filename":"<frozen importlib._bootstrap>","lineno":488,"name":"_call_with_frames_removed"},{"filename":"/opt/airflow/dags/meteo_etl.py","lineno":18,"name":"<module>"}],"is_group":false,"exceptions":[]}]}
{"timestamp":"2026-09-18T10:30:12.171329Z","level":"error","event":"Error loading DAG from meteo_etl.py: name 'PythonOperator' is not defined","logger":"airflow.dag_processing.dagbag.BundleDagBag","filename":"dagbag.py","lineno":319}
{"timestamp":"2026-09-18T10:30:42.504907Z","level":"info","event":"Filling up the DagBag from /opt/airflow/dags/meteo_etl.py","logger":"airflow.dag_processing.dagbag.BundleDagBag","filename":"dagbag.py","lineno":460}
{"timestamp":"2026-09-18T10:30:42.542509Z","level":"error","event":"Failed to import: /opt/airflow/dags/meteo_etl.py","logger":"airflow.dag_processing.importers.python_importer","filename":"python_importer.py","lineno":244,"error_detail":[{"exc_type":"NameError","exc_value":"name 'PythonOperator' is not defined","exc_notes":[],"syntax_error":null,"is_cause":false,"frames":[{"filename":"/home/airflow/.local/lib/python3.13/site-packages/airflow/dag_processing/importers/python_importer.py","lineno":238,"name":"parse"},{"filename":"<frozen importlib._bootstrap_external>","lineno":1023,"name":"exec_module"},{"filename":"<frozen importlib._bootstrap>","lineno":488,"name":"_call_with_frames_removed"},{"filename":"/opt/airflow/dags/meteo_etl.py","lineno":18,"name":"<module>"}],"is_group":false,"exceptions":[]}]}
{"timestamp":"2026-09-18T10:30:42.549513Z","level":"error","event":"Error loading DAG from meteo_etl.py: name 'PythonOperator' is not defined","logger":"airflow.dag_processing.dagbag.BundleDagBag","filename":"dagbag.py","lineno":319}
{"timestamp":"2026-09-18T10:31:12.921435Z","level":"info","event":"Filling up the DagBag from /opt/airflow/dags/meteo_etl.py","logger":"airflow.dag_processing.dagbag.BundleDagBag","filename":"dagbag.py","lineno":460}
{"timestamp":"2026-09-18T10:31:12.960773Z","level":"error","event":"Failed to import: /opt/airflow/dags/meteo_etl.py","logger":"airflow.dag_processing.importers.python_importer","filename":"python_importer.py","lineno":244,"error_detail":[{"exc_type":"NameError","exc_value":"name 'PythonOperator' is not defined","exc_notes":[],"syntax_error":null,"is_cause":false,"frames":[{"filename":"/home/airflow/.local/lib/python3.13/site-packages/airflow/dag_processing/importers/python_importer.py","lineno":238,"name":"parse"},{"filename":"<frozen importlib._bootstrap_external>","lineno":1023,"name":"exec_module"},{"filename":"<frozen importlib._bootstrap>","lineno":488,"name":"_call_with_frames_removed"},{"filename":"/opt/airflow/dags/meteo_etl.py","lineno":18,"name":"<module>"}],"is_group":false,"exceptions":[]}]}
{"timestamp":"2026-09-18T10:31:12.971194Z","level":"error","event":"Error loading DAG from meteo_etl.py: name 'PythonOperator' is not defined","logger":"airflow.dag_processing.dagbag.BundleDagBag","filename":"dagbag.py","lineno":319}
{"timestamp":"2026-09-18T10:31:44.322932Z","level":"info","event":"Filling up the DagBag from /opt/airflow/dags/meteo_etl.py","logger":"airflow.dag_processing.dagbag.BundleDagBag","filename":"dagbag.py","lineno":460}
{"timestamp":"2026-09-18T10:31:44.367632Z","level":"error","event":"Failed to import: /opt/airflow/dags/meteo_etl.py","logger":"airflow.dag_processing.importers.python_importer","filename":"python_importer.py","lineno":244,"error_detail":[{"exc_type":"NameError","exc_value":"name 'PythonOperator' is not defined","exc_notes":[],"syntax_error":null,"is_cause":false,"frames":[{"filename":"/home/airflow/.local/lib/python3.13/site-packages/airflow/dag_processing/importers/python_importer.py","lineno":238,"name":"parse"},{"filename":"<frozen importlib._bootstrap_external>","lineno":1023,"name":"exec_module"},{"filename":"<frozen importlib._bootstrap>","lineno":488,"name":"_call_with_frames_removed"},{"filename":"/opt/airflow/dags/meteo_etl.py","lineno":18,"name":"<module>"}],"is_group":false,"exceptions":[]}]}
{"timestamp":"2026-09-18T10:31:44.378594Z","level":"error","event":"Error loading DAG from meteo_etl.py: name 'PythonOperator' is not defined","logger":"airflow.dag_processing.dagbag.BundleDagBag","filename":"dagbag.py","lineno":319}
{"timestamp":"2026-09-18T10:32:15.314480Z","level":"info","event":"Filling up the DagBag from /opt/airflow/dags/meteo_etl.py","logger":"airflow.dag_processing.dagbag.BundleDagBag","filename":"dagbag.py","lineno":460}
{"timestamp":"2026-09-18T10:32:15.347981Z","level":"error","event":"Failed to import: /opt/airflow/dags/meteo_etl.py","logger":"airflow.dag_processing.importers.python_importer","filename":"python_importer.py","lineno":244,"error_detail":[{"exc_type":"NameError","exc_value":"name 'PythonOperator' is not defined","exc_notes":[],"syntax_error":null,"is_cause":false,"frames":[{"filename":"/home/airflow/.local/lib/python3.13/site-packages/airflow/dag_processing/importers/python_importer.py","lineno":238,"name":"parse"},{"filename":"<frozen importlib._bootstrap_external>","lineno":1023,"name":"exec_module"},{"filename":"<frozen importlib._bootstrap>","lineno":488,"name":"_call_with_frames_removed"},{"filename":"/opt/airflow/dags/meteo_etl.py","lineno":18,"name":"<module>"}],"is_group":false,"exceptions":[]}]}
{"timestamp":"2026-09-18T10:32:15.356469Z","level":"error","event":"Error loading DAG from meteo_etl.py: name 'PythonOperator' is not defined","logger":"airflow.dag_processing.dagbag.BundleDagBag","filename":"dagbag.py","lineno":319}
{"timestamp":"2026-09-18T10:32:34.041555Z","level":"info","event":"Filling up the DagBag from /opt/airflow/dags/meteo_etl.py","logger":"airflow.dag_processing.dagbag.BundleDagBag","filename":"dagbag.py","lineno":460}
{"timestamp":"2026-09-18T10:33:04.586182Z","level":"info","event":"Filling up the DagBag from /opt/airflow/dags/meteo_etl.py","logger":"airflow.dag_processing.dagbag.BundleDagBag","filename":"dagbag.py","lineno":460}
{"timestamp":"2026-09-18T10:33:35.039774Z","level":"info","event":"Filling up the DagBag from /opt/airflow/dags/meteo_etl.py","logger":"airflow.dag_processing.dagbag.BundleDagBag","filename":"dagbag.py","lineno":460}
{"timestamp":"2026-09-18T10:34:05.892195Z","level":"info","event":"Filling up the DagBag from /opt/airflow/dags/meteo_etl.py","logger":"airflow.dag_processing.dagbag.BundleDagBag","filename":"dagbag.py","lineno":460}
{"timestamp":"2026-09-18T10:34:23.330803Z","level":"info","event":"Filling up the DagBag from /opt/airflow/dags/meteo_etl.py","logger":"airflow.dag_processing.dagbag.BundleDagBag","filename":"dagbag.py","lineno":460}
{"timestamp":"2026-09-18T10:34:23.357148Z","level":"info","event":"File /opt/airflow/dags/meteo_etl.py assumed to contain no DAGs. Skipping.","logger":"airflow.dag_processing.dagbag.BundleDagBag","filename":"dagbag.py","lineno":310}
{"timestamp":"2026-09-18T10:34:54.214564Z","level":"info","event":"Filling up the DagBag from /opt/airflow/dags/meteo_etl.py","logger":"airflow.dag_processing.dagbag.BundleDagBag","filename":"dagbag.py","lineno":460}
{"timestamp":"2026-09-18T10:34:54.240974Z","level":"info","event":"File /opt/airflow/dags/meteo_etl.py assumed to contain no DAGs. Skipping.","logger":"airflow.dag_processing.dagbag.BundleDagBag","filename":"dagbag.py","lineno":310}
{"timestamp":"2026-09-18T10:35:24.816281Z","level":"info","event":"Filling up the DagBag from /opt/airflow/dags/meteo_etl.py","logger":"airflow.dag_processing.dagbag.BundleDagBag","filename":"dagbag.py","lineno":460}
{"timestamp":"2026-09-18T10:35:24.836750Z","level":"info","event":"File /opt/airflow/dags/meteo_etl.py assumed to contain no DAGs. Skipping.","logger":"airflow.dag_processing.dagbag.BundleDagBag","filename":"dagbag.py","lineno":310}
{"timestamp":"2026-09-18T10:35:56.178219Z","level":"info","event":"Filling up the DagBag from /opt/airflow/dags/meteo_etl.py","logger":"airflow.dag_processing.dagbag.BundleDagBag","filename":"dagbag.py","lineno":460}
{"timestamp":"2026-09-18T10:35:56.193671Z","level":"info","event":"File /opt/airflow/dags/meteo_etl.py assumed to contain no DAGs. Skipping.","logger":"airflow.dag_processing.dagbag.BundleDagBag","filename":"dagbag.py","lineno":310}
{"timestamp":"2026-09-18T10:36:21.859627Z","level":"info","event":"Filling up the DagBag from /opt/airflow/dags/meteo_etl.py","logger":"airflow.dag_processing.dagbag.BundleDagBag","filename":"dagbag.py","lineno":460}
{"timestamp":"2026-09-18T10:36:21.914321Z","level":"error","event":"Failed to import: /opt/airflow/dags/meteo_etl.py","logger":"airflow.dag_processing.importers.python_importer","filename":"python_importer.py","lineno":244,"error_detail":[{"exc_type":"NameError","exc_value":"name 'PythonOperator' is not defined","exc_notes":[],"syntax_error":null,"is_cause":false,"frames":[{"filename":"/home/airflow/.local/lib/python3.13/site-packages/airflow/dag_processing/importers/python_importer.py","lineno":238,"name":"parse"},{"filename":"<frozen importlib._bootstrap_external>","lineno":1023,"name":"exec_module"},{"filename":"<frozen importlib._bootstrap>","lineno":488,"name":"_call_with_frames_removed"},{"filename":"/opt/airflow/dags/meteo_etl.py","lineno":18,"name":"<module>"}],"is_group":false,"exceptions":[]}]}
{"timestamp":"2026-09-18T10:36:21.923702Z","level":"error","event":"Error loading DAG from meteo_etl.py: name 'PythonOperator' is not defined","logger":"airflow.dag_processing.dagbag.BundleDagBag","filename":"dagbag.py","lineno":319}
{"timestamp":"2026-09-18T10:36:27.483543Z","level":"info","event":"Filling up the DagBag from /opt/airflow/dags/meteo_etl.py","logger":"airflow.dag_processing.dagbag.BundleDagBag","filename":"dagbag.py","lineno":460}
{"timestamp":"2026-09-18T10:36:58.168612Z","level":"info","event":"Filling up the DagBag from /opt/airflow/dags/meteo_etl.py","logger":"airflow.dag_processing.dagbag.BundleDagBag","filename":"dagbag.py","lineno":460}
{"timestamp":"2026-09-18T10:37:28.995803Z","level":"info","event":"Filling up the DagBag from /opt/airflow/dags/meteo_etl.py","logger":"airflow.dag_processing.dagbag.BundleDagBag","filename":"dagbag.py","lineno":460}
{"timestamp":"2026-09-18T10:37:59.758312Z","level":"info","event":"Filling up the DagBag from /opt/airflow/dags/meteo_etl.py","logger":"airflow.dag_processing.dagbag.BundleDagBag","filename":"dagbag.py","lineno":460}
{"timestamp":"2026-09-18T10:38:31.285896Z","level":"info","event":"Filling up the DagBag from /opt/airflow/dags/meteo_etl.py","logger":"airflow.dag_processing.dagbag.BundleDagBag","filename":"dagbag.py","lineno":460}
{"timestamp":"2026-09-18T10:38:42.030172Z","level":"info","event":"Filling up the DagBag from /opt/airflow/dags/meteo_etl.py","logger":"airflow.dag_processing.dagbag.BundleDagBag","filename":"dagbag.py","lineno":460}
{"timestamp":"2026-09-18T10:38:42.094798Z","level":"error","event":"Failed to import: /opt/airflow/dags/meteo_etl.py","logger":"airflow.dag_processing.importers.python_importer","filename":"python_importer.py","lineno":244,"error_detail":[{"exc_type":"SyntaxError","exc_value":"expected ':' (meteo_etl.py, line 11)","exc_notes":[],"syntax_error":{"offset":7,"filename":"/opt/airflow/dags/meteo_etl.py","line":"with D","lineno":11,"msg":"expected ':'"},"is_cause":false,"frames":[{"filename":"/home/airflow/.local/lib/python3.13/site-packages/airflow/dag_processing/importers/python_importer.py","lineno":238,"name":"parse"},{"filename":"<frozen importlib._bootstrap_external>","lineno":1019,"name":"exec_module"},{"filename":"<frozen importlib._bootstrap_external>","lineno":1157,"name":"get_code"},{"filename":"<frozen importlib._bootstrap_external>","lineno":1087,"name":"source_to_code"},{"filename":"<frozen importlib._bootstrap>","lineno":488,"name":"_call_with_frames_removed"}],"is_group":false,"exceptions":[]}]}
{"timestamp":"2026-09-18T10:38:42.096858Z","level":"error","event":"Error loading DAG from meteo_etl.py: expected ':' (meteo_etl.py, line 11)","logger":"airflow.dag_processing.dagbag.BundleDagBag","filename":"dagbag.py","lineno":319}
{"timestamp":"2026-09-18T10:38:43.277918Z","level":"info","event":"Filling up the DagBag from /opt/airflow/dags/meteo_etl.py","logger":"airflow.dag_processing.dagbag.BundleDagBag","filename":"dagbag.py","lineno":460}
{"timestamp":"2026-09-18T10:38:43.290805Z","level":"info","event":"File /opt/airflow/dags/meteo_etl.py assumed to contain no DAGs. Skipping.","logger":"airflow.dag_processing.dagbag.BundleDagBag","filename":"dagbag.py","lineno":310}
{"timestamp":"2026-09-18T10:43:49.909917Z","level":"info","event":"Filling up the DagBag from /opt/airflow/dags/meteo_etl.py","logger":"airflow.dag_processing.dagbag.BundleDagBag","filename":"dagbag.py","lineno":460}
{"timestamp":"2026-09-18T10:44:20.727976Z","level":"info","event":"Filling up the DagBag from /opt/airflow/dags/meteo_etl.py","logger":"airflow.dag_processing.dagbag.BundleDagBag","filename":"dagbag.py","lineno":460}
{"timestamp":"2026-09-18T10:44:52.010281Z","level":"info","event":"Filling up the DagBag from /opt/airflow/dags/meteo_etl.py","logger":"airflow.dag_processing.dagbag.BundleDagBag","filename":"dagbag.py","lineno":460}
{"timestamp":"2026-09-18T10:45:23.505404Z","level":"info","event":"Filling up the DagBag from /opt/airflow/dags/meteo_etl.py","logger":"airflow.dag_processing.dagbag.BundleDagBag","filename":"dagbag.py","lineno":460}
{"timestamp":"2026-09-18T10:45:54.691465Z","level":"info","event":"Filling up the DagBag from /opt/airflow/dags/meteo_etl.py","logger":"airflow.dag_processing.dagbag.BundleDagBag","filename":"dagbag.py","lineno":460}
{"timestamp":"2026-09-18T10:46:10.290649Z","level":"info","event":"Filling up the DagBag from /opt/airflow/dags/meteo_etl.py","logger":"airflow.dag_processing.dagbag.BundleDagBag","filename":"dagbag.py","lineno":460}
{"timestamp":"2026-09-18T10:46:20.208240Z","level":"info","event":"Filling up the DagBag from /opt/airflow/dags/meteo_etl.py","logger":"airflow.dag_processing.dagbag.BundleDagBag","filename":"dagbag.py","lineno":460}
{"timestamp":"2026-09-18T10:46:50.734232Z","level":"info","event":"Filling up the DagBag from /opt/airflow/dags/meteo_etl.py","logger":"airflow.dag_processing.dagbag.BundleDagBag","filename":"dagbag.py","lineno":460}
{"timestamp":"2026-09-18T10:47:21.852828Z","level":"info","event":"Filling up the DagBag from /opt/airflow/dags/meteo_etl.py","logger":"airflow.dag_processing.dagbag.BundleDagBag","filename":"dagbag.py","lineno":460}
{"timestamp":"2026-09-18T10:47:53.211884Z","level":"info","event":"Filling up the DagBag from /opt/airflow/dags/meteo_etl.py","logger":"airflow.dag_processing.dagbag.BundleDagBag","filename":"dagbag.py","lineno":460}
{"timestamp":"2026-09-18T10:48:24.620206Z","level":"info","event":"Filling up the DagBag from /opt/airflow/dags/meteo_etl.py","logger":"airflow.dag_processing.dagbag.BundleDagBag","filename":"dagbag.py","lineno":460}
{"timestamp":"2026-09-18T10:48:56.030490Z","level":"info","event":"Filling up the DagBag from /opt/airflow/dags/meteo_etl.py","logger":"airflow.dag_processing.dagbag.BundleDagBag","filename":"dagbag.py","lineno":460}
{"timestamp":"2026-09-18T10:49:27.160884Z","level":"info","event":"Filling up the DagBag from /opt/airflow/dags/meteo_etl.py","logger":"airflow.dag_processing.dagbag.BundleDagBag","filename":"dagbag.py","lineno":460}
{"timestamp":"2026-09-18T10:49:58.394500Z","level":"info","event":"Filling up the DagBag from /opt/airflow/dags/meteo_etl.py","logger":"airflow.dag_processing.dagbag.BundleDagBag","filename":"dagbag.py","lineno":460}
{"timestamp":"2026-09-18T10:50:29.590499Z","level":"info","event":"Filling up the DagBag from /opt/airflow/dags/meteo_etl.py","logger":"airflow.dag_processing.dagbag.BundleDagBag","filename":"dagbag.py","lineno":460}
{"timestamp":"2026-09-18T10:51:01.092321Z","level":"info","event":"Filling up the DagBag from /opt/airflow/dags/meteo_etl.py","logger":"airflow.dag_processing.dagbag.BundleDagBag","filename":"dagbag.py","lineno":460}
{"timestamp":"2026-09-18T10:51:32.267151Z","level":"info","event":"Filling up the DagBag from /opt/airflow/dags/meteo_etl.py","logger":"airflow.dag_processing.dagbag.BundleDagBag","filename":"dagbag.py","lineno":460}
{"timestamp":"2026-09-18T10:52:03.329420Z","level":"info","event":"Filling up the DagBag from /opt/airflow/dags/meteo_etl.py","logger":"airflow.dag_processing.dagbag.BundleDagBag","filename":"dagbag.py","lineno":460}
{"timestamp":"2026-09-18T10:52:34.684168Z","level":"info","event":"Filling up the DagBag from /opt/airflow/dags/meteo_etl.py","logger":"airflow.dag_processing.dagbag.BundleDagBag","filename":"dagbag.py","lineno":460}
{"timestamp":"2026-09-18T10:53:06.339078Z","level":"info","event":"Filling up the DagBag from /opt/airflow/dags/meteo_etl.py","logger":"airflow.dag_processing.dagbag.BundleDagBag","filename":"dagbag.py","lineno":460}
{"timestamp":"2026-09-18T10:53:37.145959Z","level":"info","event":"Filling up the DagBag from /opt/airflow/dags/meteo_etl.py","logger":"airflow.dag_processing.dagbag.BundleDagBag","filename":"dagbag.py","lineno":460}
{"timestamp":"2026-09-18T10:54:08.587020Z","level":"info","event":"Filling up the DagBag from /opt/airflow/dags/meteo_etl.py","logger":"airflow.dag_processing.dagbag.BundleDagBag","filename":"dagbag.py","lineno":460}
{"timestamp":"2026-09-18T10:54:40.092977Z","level":"info","event":"Filling up the DagBag from /opt/airflow/dags/meteo_etl.py","logger":"airflow.dag_processing.dagbag.BundleDagBag","filename":"dagbag.py","lineno":460}
{"timestamp":"2026-09-18T10:55:11.037470Z","level":"info","event":"Filling up the DagBag from /opt/airflow/dags/meteo_etl.py","logger":"airflow.dag_processing.dagbag.BundleDagBag","filename":"dagbag.py","lineno":460}
{"timestamp":"2026-09-18T10:55:42.121552Z","level":"info","event":"Filling up the DagBag from /opt/airflow/dags/meteo_etl.py","logger":"airflow.dag_processing.dagbag.BundleDagBag","filename":"dagbag.py","lineno":460}
{"timestamp":"2026-09-18T10:56:13.184240Z","level":"info","event":"Filling up the DagBag from /opt/airflow/dags/meteo_etl.py","logger":"airflow.dag_processing.dagbag.BundleDagBag","filename":"dagbag.py","lineno":460}
{"timestamp":"2026-09-18T10:56:44.638969Z","level":"info","event":"Filling up the DagBag from /opt/airflow/dags/meteo_etl.py","logger":"airflow.dag_processing.dagbag.BundleDagBag","filename":"dagbag.py","lineno":460}
{"timestamp":"2026-09-18T10:57:16.038672Z","level":"info","event":"Filling up the DagBag from /opt/airflow/dags/meteo_etl.py","logger":"airflow.dag_processing.dagbag.BundleDagBag","filename":"dagbag.py","lineno":460}
{"timestamp":"2026-09-18T10:57:47.330450Z","level":"info","event":"Filling up the DagBag from /opt/airflow/dags/meteo_etl.py","logger":"airflow.dag_processing.dagbag.BundleDagBag","filename":"dagbag.py","lineno":460}
{"timestamp":"2026-09-18T10:58:18.780102Z","level":"info","event":"Filling up the DagBag from /opt/airflow/dags/meteo_etl.py","logger":"airflow.dag_processing.dagbag.BundleDagBag","filename":"dagbag.py","lineno":460}
{"timestamp":"2026-09-18T10:58:49.869284Z","level":"info","event":"Filling up the DagBag from /opt/airflow/dags/meteo_etl.py","logger":"airflow.dag_processing.dagbag.BundleDagBag","filename":"dagbag.py","lineno":460}
{"timestamp":"2026-09-18T10:59:20.965256Z","level":"info","event":"Filling up the DagBag from /opt/airflow/dags/meteo_etl.py","logger":"airflow.dag_processing.dagbag.BundleDagBag","filename":"dagbag.py","lineno":460}
{"timestamp":"2026-09-18T10:59:52.257257Z","level":"info","event":"Filling up the DagBag from /opt/airflow/dags/meteo_etl.py","logger":"airflow.dag_processing.dagbag.BundleDagBag","filename":"dagbag.py","lineno":460}
{"timestamp":"2026-09-18T11:00:23.745512Z","level":"info","event":"Filling up the DagBag from /opt/airflow/dags/meteo_etl.py","logger":"airflow.dag_processing.dagbag.BundleDagBag","filename":"dagbag.py","lineno":460}
{"timestamp":"2026-09-18T11:00:55.226207Z","level":"info","event":"Filling up the DagBag from /opt/airflow/dags/meteo_etl.py","logger":"airflow.dag_processing.dagbag.BundleDagBag","filename":"dagbag.py","lineno":460}
{"timestamp":"2026-09-18T11:01:26.514497Z","level":"info","event":"Filling up the DagBag from /opt/airflow/dags/meteo_etl.py","logger":"airflow.dag_processing.dagbag.BundleDagBag","filename":"dagbag.py","lineno":460}
{"timestamp":"2026-09-18T11:01:57.820462Z","level":"info","event":"Filling up the DagBag from /opt/airflow/dags/meteo_etl.py","logger":"airflow.dag_processing.dagbag.BundleDagBag","filename":"dagbag.py","lineno":460}
{"timestamp":"2026-09-18T11:02:29.285652Z","level":"info","event":"Filling up the DagBag from /opt/airflow/dags/meteo_etl.py","logger":"airflow.dag_processing.dagbag.BundleDagBag","filename":"dagbag.py","lineno":460}
{"timestamp":"2026-09-18T11:03:00.670851Z","level":"info","event":"Filling up the DagBag from /opt/airflow/dags/meteo_etl.py","logger":"airflow.dag_processing.dagbag.BundleDagBag","filename":"dagbag.py","lineno":460}
{"timestamp":"2026-09-18T11:03:32.149466Z","level":"info","event":"Filling up the DagBag from /opt/airflow/dags/meteo_etl.py","logger":"airflow.dag_processing.dagbag.BundleDagBag","filename":"dagbag.py","lineno":460}
{"timestamp":"2026-09-18T11:04:03.309107Z","level":"info","event":"Filling up the DagBag from /opt/airflow/dags/meteo_etl.py","logger":"airflow.dag_processing.dagbag.BundleDagBag","filename":"dagbag.py","lineno":460}
{"timestamp":"2026-09-18T11:04:34.616943Z","level":"info","event":"Filling up the DagBag from /opt/airflow/dags/meteo_etl.py","logger":"airflow.dag_processing.dagbag.BundleDagBag","filename":"dagbag.py","lineno":460}
{"timestamp":"2026-09-18T11:05:06.192836Z","level":"info","event":"Filling up the DagBag from /opt/airflow/dags/meteo_etl.py","logger":"airflow.dag_processing.dagbag.BundleDagBag","filename":"dagbag.py","lineno":460}
{"timestamp":"2026-09-18T11:05:36.650953Z","level":"info","event":"Filling up the DagBag from /opt/airflow/dags/meteo_etl.py","logger":"airflow.dag_processing.dagbag.BundleDagBag","filename":"dagbag.py","lineno":460}
{"timestamp":"2026-09-18T11:06:07.902404Z","level":"info","event":"Filling up the DagBag from /opt/airflow/dags/meteo_etl.py","logger":"airflow.dag_processing.dagbag.BundleDagBag","filename":"dagbag.py","lineno":460}
{"timestamp":"2026-09-18T11:06:39.074362Z","level":"info","event":"Filling up the DagBag from /opt/airflow/dags/meteo_etl.py","logger":"airflow.dag_processing.dagbag.BundleDagBag","filename":"dagbag.py","lineno":460}
{"timestamp":"2026-09-18T11:07:10.601995Z","level":"info","event":"Filling up the DagBag from /opt/airflow/dags/meteo_etl.py","logger":"airflow.dag_processing.dagbag.BundleDagBag","filename":"dagbag.py","lineno":460}
{"timestamp":"2026-09-18T11:07:41.766881Z","level":"info","event":"Filling up the DagBag from /opt/airflow/dags/meteo_etl.py","logger":"airflow.dag_processing.dagbag.BundleDagBag","filename":"dagbag.py","lineno":460}
{"timestamp":"2026-09-18T11:08:12.969897Z","level":"info","event":"Filling up the DagBag from /opt/airflow/dags/meteo_etl.py","logger":"airflow.dag_processing.dagbag.BundleDagBag","filename":"dagbag.py","lineno":460}
{"timestamp":"2026-09-18T11:08:44.184053Z","level":"info","event":"Filling up the DagBag from /opt/airflow/dags/meteo_etl.py","logger":"airflow.dag_processing.dagbag.BundleDagBag","filename":"dagbag.py","lineno":460}
{"timestamp":"2026-09-18T11:09:15.459409Z","level":"info","event":"Filling up the DagBag from /opt/airflow/dags/meteo_etl.py","logger":"airflow.dag_processing.dagbag.BundleDagBag","filename":"dagbag.py","lineno":460}
{"timestamp":"2026-09-18T11:09:46.795697Z","level":"info","event":"Filling up the DagBag from /opt/airflow/dags/meteo_etl.py","logger":"airflow.dag_processing.dagbag.BundleDagBag","filename":"dagbag.py","lineno":460}
{"timestamp":"2026-09-18T11:10:18.369211Z","level":"info","event":"Filling up the DagBag from /opt/airflow/dags/meteo_etl.py","logger":"airflow.dag_processing.dagbag.BundleDagBag","filename":"dagbag.py","lineno":460}
{"timestamp":"2026-09-18T11:10:49.328769Z","level":"info","event":"Filling up the DagBag from /opt/airflow/dags/meteo_etl.py","logger":"airflow.dag_processing.dagbag.BundleDagBag","filename":"dagbag.py","lineno":460}
{"timestamp":"2026-09-18T11:11:20.520002Z","level":"info","event":"Filling up the DagBag from /opt/airflow/dags/meteo_etl.py","logger":"airflow.dag_processing.dagbag.BundleDagBag","filename":"dagbag.py","lineno":460}
{"timestamp":"2026-09-18T11:11:52.187396Z","level":"info","event":"Filling up the DagBag from /opt/airflow/dags/meteo_etl.py","logger":"airflow.dag_processing.dagbag.BundleDagBag","filename":"dagbag.py","lineno":460}
{"timestamp":"2026-09-18T11:12:23.873243Z","level":"info","event":"Filling up the DagBag from /opt/airflow/dags/meteo_etl.py","logger":"airflow.dag_processing.dagbag.BundleDagBag","filename":"dagbag.py","lineno":460}
{"timestamp":"2026-09-18T11:12:54.277136Z","level":"info","event":"Filling up the DagBag from /opt/airflow/dags/meteo_etl.py","logger":"airflow.dag_processing.dagbag.BundleDagBag","filename":"dagbag.py","lineno":460}
{"timestamp":"2026-09-18T11:13:25.889873Z","level":"info","event":"Filling up the DagBag from /opt/airflow/dags/meteo_etl.py","logger":"airflow.dag_processing.dagbag.BundleDagBag","filename":"dagbag.py","lineno":460}
{"timestamp":"2026-09-18T11:13:57.028186Z","level":"info","event":"Filling up the DagBag from /opt/airflow/dags/meteo_etl.py","logger":"airflow.dag_processing.dagbag.BundleDagBag","filename":"dagbag.py","lineno":460}
{"timestamp":"2026-09-18T11:14:28.128656Z","level":"info","event":"Filling up the DagBag from /opt/airflow/dags/meteo_etl.py","logger":"airflow.dag_processing.dagbag.BundleDagBag","filename":"dagbag.py","lineno":460}
{"timestamp":"2026-09-18T11:14:59.357231Z","level":"info","event":"Filling up the DagBag from /opt/airflow/dags/meteo_etl.py","logger":"airflow.dag_processing.dagbag.BundleDagBag","filename":"dagbag.py","lineno":460}
{"timestamp":"2026-09-18T11:15:30.581916Z","level":"info","event":"Filling up the DagBag from /opt/airflow/dags/meteo_etl.py","logger":"airflow.dag_processing.dagbag.BundleDagBag","filename":"dagbag.py","lineno":460}
{"timestamp":"2026-09-18T11:16:02.125438Z","level":"info","event":"Filling up the DagBag from /opt/airflow/dags/meteo_etl.py","logger":"airflow.dag_processing.dagbag.BundleDagBag","filename":"dagbag.py","lineno":460}
{"timestamp":"2026-09-18T11:16:33.284916Z","level":"info","event":"Filling up the DagBag from /opt/airflow/dags/meteo_etl.py","logger":"airflow.dag_processing.dagbag.BundleDagBag","filename":"dagbag.py","lineno":460}
{"timestamp":"2026-09-18T11:17:04.532319Z","level":"info","event":"Filling up the DagBag from /opt/airflow/dags/meteo_etl.py","logger":"airflow.dag_processing.dagbag.BundleDagBag","filename":"dagbag.py","lineno":460}
{"timestamp":"2026-09-18T11:17:35.800289Z","level":"info","event":"Filling up the DagBag from /opt/airflow/dags/meteo_etl.py","logger":"airflow.dag_processing.dagbag.BundleDagBag","filename":"dagbag.py","lineno":460}
{"timestamp":"2026-09-18T11:18:07.272289Z","level":"info","event":"Filling up the DagBag from /opt/airflow/dags/meteo_etl.py","logger":"airflow.dag_processing.dagbag.BundleDagBag","filename":"dagbag.py","lineno":460}
{"timestamp":"2026-09-18T11:18:38.373153Z","level":"info","event":"Filling up the DagBag from /opt/airflow/dags/meteo_etl.py","logger":"airflow.dag_processing.dagbag.BundleDagBag","filename":"dagbag.py","lineno":460}
{"timestamp":"2026-09-18T11:19:09.384855Z","level":"info","event":"Filling up the DagBag from /opt/airflow/dags/meteo_etl.py","logger":"airflow.dag_processing.dagbag.BundleDagBag","filename":"dagbag.py","lineno":460}
{"timestamp":"2026-09-18T11:19:40.486314Z","level":"info","event":"Filling up the DagBag from /opt/airflow/dags/meteo_etl.py","logger":"airflow.dag_processing.dagbag.BundleDagBag","filename":"dagbag.py","lineno":460}
{"timestamp":"2026-09-18T11:20:11.661904Z","level":"info","event":"Filling up the DagBag from /opt/airflow/dags/meteo_etl.py","logger":"airflow.dag_processing.dagbag.BundleDagBag","filename":"dagbag.py","lineno":460}
{"timestamp":"2026-09-18T11:20:42.874846Z","level":"info","event":"Filling up the DagBag from /opt/airflow/dags/meteo_etl.py","logger":"airflow.dag_processing.dagbag.BundleDagBag","filename":"dagbag.py","lineno":460}
{"timestamp":"2026-09-18T11:21:13.993154Z","level":"info","event":"Filling up the DagBag from /opt/airflow/dags/meteo_etl.py","logger":"airflow.dag_processing.dagbag.BundleDagBag","filename":"dagbag.py","lineno":460}
{"timestamp":"2026-09-18T11:21:45.347593Z","level":"info","event":"Filling up the DagBag from /opt/airflow/dags/meteo_etl.py","logger":"airflow.dag_processing.dagbag.BundleDagBag","filename":"dagbag.py","lineno":460}
{"timestamp":"2026-09-18T11:22:16.434998Z","level":"info","event":"Filling up the DagBag from /opt/airflow/dags/meteo_etl.py","logger":"airflow.dag_processing.dagbag.BundleDagBag","filename":"dagbag.py","lineno":460}
{"timestamp":"2026-09-18T11:22:47.602286Z","level":"info","event":"Filling up the DagBag from /opt/airflow/dags/meteo_etl.py","logger":"airflow.dag_processing.dagbag.BundleDagBag","filename":"dagbag.py","lineno":460}
{"timestamp":"2026-09-18T11:23:18.779757Z","level":"info","event":"Filling up the DagBag from /opt/airflow/dags/meteo_etl.py","logger":"airflow.dag_processing.dagbag.BundleDagBag","filename":"dagbag.py","lineno":460}
{"timestamp":"2026-09-18T11:23:49.945073Z","level":"info","event":"Filling up the DagBag from /opt/airflow/dags/meteo_etl.py","logger":"airflow.dag_processing.dagbag.BundleDagBag","filename":"dagbag.py","lineno":460}
{"timestamp":"2026-09-18T11:24:21.562677Z","level":"info","event":"Filling up the DagBag from /opt/airflow/dags/meteo_etl.py","logger":"airflow.dag_processing.dagbag.BundleDagBag","filename":"dagbag.py","lineno":460}
{"timestamp":"2026-09-18T11:24:53.217664Z","level":"info","event":"Filling up the DagBag from /opt/airflow/dags/meteo_etl.py","logger":"airflow.dag_processing.dagbag.BundleDagBag","filename":"dagbag.py","lineno":460}
{"timestamp":"2026-09-18T11:25:24.451743Z","level":"info","event":"Filling up the DagBag from /opt/airflow/dags/meteo_etl.py","logger":"airflow.dag_processing.dagbag.BundleDagBag","filename":"dagbag.py","lineno":460}
{"timestamp":"2026-09-18T11:25:55.787916Z","level":"info","event":"Filling up the DagBag from /opt/airflow/dags/meteo_etl.py","logger":"airflow.dag_processing.dagbag.BundleDagBag","filename":"dagbag.py","lineno":460}
{"timestamp":"2026-09-18T11:26:27.055120Z","level":"info","event":"Filling up the DagBag from /opt/airflow/dags/meteo_etl.py","logger":"airflow.dag_processing.dagbag.BundleDagBag","filename":"dagbag.py","lineno":460}
{"timestamp":"2026-09-18T11:26:58.543068Z","level":"info","event":"Filling up the DagBag from /opt/airflow/dags/meteo_etl.py","logger":"airflow.dag_processing.dagbag.BundleDagBag","filename":"dagbag.py","lineno":460}
{"timestamp":"2026-09-18T11:27:30.160902Z","level":"info","event":"Filling up the DagBag from /opt/airflow/dags/meteo_etl.py","logger":"airflow.dag_processing.dagbag.BundleDagBag","filename":"dagbag.py","lineno":460}
{"timestamp":"2026-09-18T11:28:00.777456Z","level":"info","event":"Filling up the DagBag from /opt/airflow/dags/meteo_etl.py","logger":"airflow.dag_processing.dagbag.BundleDagBag","filename":"dagbag.py","lineno":460}
{"timestamp":"2026-09-18T11:28:32.100677Z","level":"info","event":"Filling up the DagBag from /opt/airflow/dags/meteo_etl.py","logger":"airflow.dag_processing.dagbag.BundleDagBag","filename":"dagbag.py","lineno":460}
{"timestamp":"2026-09-18T11:29:03.388307Z","level":"info","event":"Filling up the DagBag from /opt/airflow/dags/meteo_etl.py","logger":"airflow.dag_processing.dagbag.BundleDagBag","filename":"dagbag.py","lineno":460}
{"timestamp":"2026-09-18T11:29:34.446560Z","level":"info","event":"Filling up the DagBag from /opt/airflow/dags/meteo_etl.py","logger":"airflow.dag_processing.dagbag.BundleDagBag","filename":"dagbag.py","lineno":460}
{"timestamp":"2026-09-18T13:34:57.952361Z","level":"info","event":"Filling up the DagBag from /opt/airflow/dags/meteo_etl.py","logger":"airflow.dag_processing.dagbag.BundleDagBag","filename":"dagbag.py","lineno":460}
{"timestamp":"2026-09-18T13:35:28.791613Z","level":"info","event":"Filling up the DagBag from /opt/airflow/dags/meteo_etl.py","logger":"airflow.dag_processing.dagbag.BundleDagBag","filename":"dagbag.py","lineno":460}
{"timestamp":"2026-09-18T13:35:59.275650Z","level":"info","event":"Filling up the DagBag from /opt/airflow/dags/meteo_etl.py","logger":"airflow.dag_processing.dagbag.BundleDagBag","filename":"dagbag.py","lineno":460}
{"timestamp":"2026-09-18T13:36:29.479537Z","level":"info","event":"Filling up the DagBag from /opt/airflow/dags/meteo_etl.py","logger":"airflow.dag_processing.dagbag.BundleDagBag","filename":"dagbag.py","lineno":460}
{"timestamp":"2026-09-18T13:36:59.623486Z","level":"info","event":"Filling up the DagBag from /opt/airflow/dags/meteo_etl.py","logger":"airflow.dag_processing.dagbag.BundleDagBag","filename":"dagbag.py","lineno":460}
{"timestamp":"2026-09-18T13:37:30.065079Z","level":"info","event":"Filling up the DagBag from /opt/airflow/dags/meteo_etl.py","logger":"airflow.dag_processing.dagbag.BundleDagBag","filename":"dagbag.py","lineno":460}
{"timestamp":"2026-09-18T13:38:00.653778Z","level":"info","event":"Filling up the DagBag from /opt/airflow/dags/meteo_etl.py","logger":"airflow.dag_processing.dagbag.BundleDagBag","filename":"dagbag.py","lineno":460}
{"timestamp":"2026-09-18T13:38:30.911699Z","level":"info","event":"Filling up the DagBag from /opt/airflow/dags/meteo_etl.py","logger":"airflow.dag_processing.dagbag.BundleDagBag","filename":"dagbag.py","lineno":460}
{"timestamp":"2026-09-18T13:39:01.668463Z","level":"info","event":"Filling up the DagBag from /opt/airflow/dags/meteo_etl.py","logger":"airflow.dag_processing.dagbag.BundleDagBag","filename":"dagbag.py","lineno":460}
{"timestamp":"2026-09-18T13:39:31.922602Z","level":"info","event":"Filling up the DagBag from /opt/airflow/dags/meteo_etl.py","logger":"airflow.dag_processing.dagbag.BundleDagBag","filename":"dagbag.py","lineno":460}
{"timestamp":"2026-09-18T13:40:02.448525Z","level":"info","event":"Filling up the DagBag from /opt/airflow/dags/meteo_etl.py","logger":"airflow.dag_processing.dagbag.BundleDagBag","filename":"dagbag.py","lineno":460}
{"timestamp":"2026-09-18T13:40:33.055317Z","level":"info","event":"Filling up the DagBag from /opt/airflow/dags/meteo_etl.py","logger":"airflow.dag_processing.dagbag.BundleDagBag","filename":"dagbag.py","lineno":460}
{"timestamp":"2026-09-18T13:41:03.662724Z","level":"info","event":"Filling up the DagBag from /opt/airflow/dags/meteo_etl.py","logger":"airflow.dag_processing.dagbag.BundleDagBag","filename":"dagbag.py","lineno":460}
{"timestamp":"2026-09-18T13:41:34.365641Z","level":"info","event":"Filling up the DagBag from /opt/airflow/dags/meteo_etl.py","logger":"airflow.dag_processing.dagbag.BundleDagBag","filename":"dagbag.py","lineno":460}
{"timestamp":"2026-09-18T13:42:05.017799Z","level":"info","event":"Filling up the DagBag from /opt/airflow/dags/meteo_etl.py","logger":"airflow.dag_processing.dagbag.BundleDagBag","filename":"dagbag.py","lineno":460}
{"timestamp":"2026-09-18T13:42:36.010091Z","level":"info","event":"Filling up the DagBag from /opt/airflow/dags/meteo_etl.py","logger":"airflow.dag_processing.dagbag.BundleDagBag","filename":"dagbag.py","lineno":460}
{"timestamp":"2026-09-18T13:43:06.935207Z","level":"info","event":"Filling up the DagBag from /opt/airflow/dags/meteo_etl.py","logger":"airflow.dag_processing.dagbag.BundleDagBag","filename":"dagbag.py","lineno":460}
{"timestamp":"2026-09-18T13:43:37.895514Z","level":"info","event":"Filling up the DagBag from /opt/airflow/dags/meteo_etl.py","logger":"airflow.dag_processing.dagbag.BundleDagBag","filename":"dagbag.py","lineno":460}
{"timestamp":"2026-09-18T13:44:08.655241Z","level":"info","event":"Filling up the DagBag from /opt/airflow/dags/meteo_etl.py","logger":"airflow.dag_processing.dagbag.BundleDagBag","filename":"dagbag.py","lineno":460}
{"timestamp":"2026-09-18T13:44:39.516794Z","level":"info","event":"Filling up the DagBag from /opt/airflow/dags/meteo_etl.py","logger":"airflow.dag_processing.dagbag.BundleDagBag","filename":"dagbag.py","lineno":460}
{"timestamp":"2026-09-18T13:45:09.874449Z","level":"info","event":"Filling up the DagBag from /opt/airflow/dags/meteo_etl.py","logger":"airflow.dag_processing.dagbag.BundleDagBag","filename":"dagbag.py","lineno":460}
{"timestamp":"2026-09-18T13:45:40.429908Z","level":"info","event":"Filling up the DagBag from /opt/airflow/dags/meteo_etl.py","logger":"airflow.dag_processing.dagbag.BundleDagBag","filename":"dagbag.py","lineno":460}
{"timestamp":"2026-09-18T13:46:11.230921Z","level":"info","event":"Filling up the DagBag from /opt/airflow/dags/meteo_etl.py","logger":"airflow.dag_processing.dagbag.BundleDagBag","filename":"dagbag.py","lineno":460}
{"timestamp":"2026-09-18T13:46:42.130074Z","level":"info","event":"Filling up the DagBag from /opt/airflow/dags/meteo_etl.py","logger":"airflow.dag_processing.dagbag.BundleDagBag","filename":"dagbag.py","lineno":460}
{"timestamp":"2026-09-18T13:47:12.745979Z","level":"info","event":"Filling up the DagBag from /opt/airflow/dags/meteo_etl.py","logger":"airflow.dag_processing.dagbag.BundleDagBag","filename":"dagbag.py","lineno":460}
{"timestamp":"2026-09-18T13:47:43.280980Z","level":"info","event":"Filling up the DagBag from /opt/airflow/dags/meteo_etl.py","logger":"airflow.dag_processing.dagbag.BundleDagBag","filename":"dagbag.py","lineno":460}
{"timestamp":"2026-09-18T13:48:13.914682Z","level":"info","event":"Filling up the DagBag from /opt/airflow/dags/meteo_etl.py","logger":"airflow.dag_processing.dagbag.BundleDagBag","filename":"dagbag.py","lineno":460}
{"timestamp":"2026-09-18T13:48:44.614257Z","level":"info","event":"Filling up the DagBag from /opt/airflow/dags/meteo_etl.py","logger":"airflow.dag_processing.dagbag.BundleDagBag","filename":"dagbag.py","lineno":460}
{"timestamp":"2026-09-18T13:49:15.414623Z","level":"info","event":"Filling up the DagBag from /opt/airflow/dags/meteo_etl.py","logger":"airflow.dag_processing.dagbag.BundleDagBag","filename":"dagbag.py","lineno":460}
{"timestamp":"2026-09-18T13:49:46.114720Z","level":"info","event":"Filling up the DagBag from /opt/airflow/dags/meteo_etl.py","logger":"airflow.dag_processing.dagbag.BundleDagBag","filename":"dagbag.py","lineno":460}
{"timestamp":"2026-09-18T13:50:16.991386Z","level":"info","event":"Filling up the DagBag from /opt/airflow/dags/meteo_etl.py","logger":"airflow.dag_processing.dagbag.BundleDagBag","filename":"dagbag.py","lineno":460}
{"timestamp":"2026-09-18T13:50:47.715533Z","level":"info","event":"Filling up the DagBag from /opt/airflow/dags/meteo_etl.py","logger":"airflow.dag_processing.dagbag.BundleDagBag","filename":"dagbag.py","lineno":460}
{"timestamp":"2026-09-18T13:51:18.759276Z","level":"info","event":"Filling up the DagBag from /opt/airflow/dags/meteo_etl.py","logger":"airflow.dag_processing.dagbag.BundleDagBag","filename":"dagbag.py","lineno":460}
{"timestamp":"2026-09-18T13:51:48.913151Z","level":"info","event":"Filling up the DagBag from /opt/airflow/dags/meteo_etl.py","logger":"airflow.dag_processing.dagbag.BundleDagBag","filename":"dagbag.py","lineno":460}
{"timestamp":"2026-09-18T13:52:09.460254Z","level":"info","event":"Filling up the DagBag from /opt/airflow/dags/meteo_etl.py","logger":"airflow.dag_processing.dagbag.BundleDagBag","filename":"dagbag.py","lineno":460}
{"timestamp":"2026-09-18T13:52:19.913109Z","level":"info","event":"Filling up the DagBag from /opt/airflow/dags/meteo_etl.py","logger":"airflow.dag_processing.dagbag.BundleDagBag","filename":"dagbag.py","lineno":460}
{"timestamp":"2026-09-18T13:52:25.305161Z","level":"info","event":"Filling up the DagBag from /opt/airflow/dags/meteo_etl.py","logger":"airflow.dag_processing.dagbag.BundleDagBag","filename":"dagbag.py","lineno":460}
{"timestamp":"2026-09-18T13:52:27.127402Z","level":"info","event":"Filling up the DagBag from /opt/airflow/dags/meteo_etl.py","logger":"airflow.dag_processing.dagbag.BundleDagBag","filename":"dagbag.py","lineno":460}
{"timestamp":"2026-09-18T13:52:27.155601Z","level":"error","event":"Failed to import: /opt/airflow/dags/meteo_etl.py","logger":"airflow.dag_processing.importers.python_importer","filename":"python_importer.py","lineno":244,"error_detail":[{"exc_type":"IndentationError","exc_value":"expected an indented block after function definition on line 14 (meteo_etl.py, line 18)","exc_notes":[],"syntax_error":{"offset":5,"filename":"/opt/airflow/dags/meteo_etl.py","line":"    @task\n","lineno":18,"msg":"expected an indented block after function definition on line 14"},"is_cause":false,"frames":[{"filename":"/home/airflow/.local/lib/python3.13/site-packages/airflow/dag_processing/importers/python_importer.py","lineno":238,"name":"parse"},{"filename":"<frozen importlib._bootstrap_external>","lineno":1019,"name":"exec_module"},{"filename":"<frozen importlib._bootstrap_external>","lineno":1157,"name":"get_code"},{"filename":"<frozen importlib._bootstrap_external>","lineno":1087,"name":"source_to_code"},{"filename":"<frozen importlib._bootstrap>","lineno":488,"name":"_call_with_frames_removed"}],"is_group":false,"exceptions":[]}]}
{"timestamp":"2026-09-18T13:52:27.156972Z","level":"error","event":"Error loading DAG from meteo_etl.py: expected an indented block after function definition on line 14 (meteo_etl.py, line 18)","logger":"airflow.dag_processing.dagbag.BundleDagBag","filename":"dagbag.py","lineno":319}
{"timestamp":"2026-09-18T13:52:57.277035Z","level":"info","event":"Filling up the DagBag from /opt/airflow/dags/meteo_etl.py","logger":"airflow.dag_processing.dagbag.BundleDagBag","filename":"dagbag.py","lineno":460}
{"timestamp":"2026-09-18T13:52:57.296050Z","level":"error","event":"Failed to import: /opt/airflow/dags/meteo_etl.py","logger":"airflow.dag_processing.importers.python_importer","filename":"python_importer.py","lineno":244,"error_detail":[{"exc_type":"IndentationError","exc_value":"expected an indented block after function definition on line 14 (meteo_etl.py, line 18)","exc_notes":[],"syntax_error":{"offset":5,"filename":"/opt/airflow/dags/meteo_etl.py","line":"    @task\n","lineno":18,"msg":"expected an indented block after function definition on line 14"},"is_cause":false,"frames":[{"filename":"/home/airflow/.local/lib/python3.13/site-packages/airflow/dag_processing/importers/python_importer.py","lineno":238,"name":"parse"},{"filename":"<frozen importlib._bootstrap_external>","lineno":1019,"name":"exec_module"},{"filename":"<frozen importlib._bootstrap_external>","lineno":1157,"name":"get_code"},{"filename":"<frozen importlib._bootstrap_external>","lineno":1087,"name":"source_to_code"},{"filename":"<frozen importlib._bootstrap>","lineno":488,"name":"_call_with_frames_removed"}],"is_group":false,"exceptions":[]}]}
{"timestamp":"2026-09-18T13:52:57.297051Z","level":"error","event":"Error loading DAG from meteo_etl.py: expected an indented block after function definition on line 14 (meteo_etl.py, line 18)","logger":"airflow.dag_processing.dagbag.BundleDagBag","filename":"dagbag.py","lineno":319}
{"timestamp":"2026-09-18T13:53:27.616005Z","level":"info","event":"Filling up the DagBag from /opt/airflow/dags/meteo_etl.py","logger":"airflow.dag_processing.dagbag.BundleDagBag","filename":"dagbag.py","lineno":460}
{"timestamp":"2026-09-18T13:53:27.633296Z","level":"error","event":"Failed to import: /opt/airflow/dags/meteo_etl.py","logger":"airflow.dag_processing.importers.python_importer","filename":"python_importer.py","lineno":244,"error_detail":[{"exc_type":"IndentationError","exc_value":"expected an indented block after function definition on line 14 (meteo_etl.py, line 18)","exc_notes":[],"syntax_error":{"offset":5,"filename":"/opt/airflow/dags/meteo_etl.py","line":"    @task\n","lineno":18,"msg":"expected an indented block after function definition on line 14"},"is_cause":false,"frames":[{"filename":"/home/airflow/.local/lib/python3.13/site-packages/airflow/dag_processing/importers/python_importer.py","lineno":238,"name":"parse"},{"filename":"<frozen importlib._bootstrap_external>","lineno":1019,"name":"exec_module"},{"filename":"<frozen importlib._bootstrap_external>","lineno":1157,"name":"get_code"},{"filename":"<frozen importlib._bootstrap_external>","lineno":1087,"name":"source_to_code"},{"filename":"<frozen importlib._bootstrap>","lineno":488,"name":"_call_with_frames_removed"}],"is_group":false,"exceptions":[]}]}
{"timestamp":"2026-09-18T13:53:27.634581Z","level":"error","event":"Error loading DAG from meteo_etl.py: expected an indented block after function definition on line 14 (meteo_etl.py, line 18)","logger":"airflow.dag_processing.dagbag.BundleDagBag","filename":"dagbag.py","lineno":319}
{"timestamp":"2026-09-18T13:53:57.980663Z","level":"info","event":"Filling up the DagBag from /opt/airflow/dags/meteo_etl.py","logger":"airflow.dag_processing.dagbag.BundleDagBag","filename":"dagbag.py","lineno":460}
{"timestamp":"2026-09-18T13:53:58.011908Z","level":"error","event":"Failed to import: /opt/airflow/dags/meteo_etl.py","logger":"airflow.dag_processing.importers.python_importer","filename":"python_importer.py","lineno":244,"error_detail":[{"exc_type":"IndentationError","exc_value":"expected an indented block after function definition on line 14 (meteo_etl.py, line 18)","exc_notes":[],"syntax_error":{"offset":5,"filename":"/opt/airflow/dags/meteo_etl.py","line":"    @task\n","lineno":18,"msg":"expected an indented block after function definition on line 14"},"is_cause":false,"frames":[{"filename":"/home/airflow/.local/lib/python3.13/site-packages/airflow/dag_processing/importers/python_importer.py","lineno":238,"name":"parse"},{"filename":"<frozen importlib._bootstrap_external>","lineno":1019,"name":"exec_module"},{"filename":"<frozen importlib._bootstrap_external>","lineno":1157,"name":"get_code"},{"filename":"<frozen importlib._bootstrap_external>","lineno":1087,"name":"source_to_code"},{"filename":"<frozen importlib._bootstrap>","lineno":488,"name":"_call_with_frames_removed"}],"is_group":false,"exceptions":[]}]}
{"timestamp":"2026-09-18T13:53:58.012859Z","level":"error","event":"Error loading DAG from meteo_etl.py: expected an indented block after function definition on line 14 (meteo_etl.py, line 18)","logger":"airflow.dag_processing.dagbag.BundleDagBag","filename":"dagbag.py","lineno":319}
{"timestamp":"2026-09-18T13:54:05.252632Z","level":"info","event":"Filling up the DagBag from /opt/airflow/dags/meteo_etl.py","logger":"airflow.dag_processing.dagbag.BundleDagBag","filename":"dagbag.py","lineno":460}
{"timestamp":"2026-09-18T13:54:05.280888Z","level":"error","event":"Failed to import: /opt/airflow/dags/meteo_etl.py","logger":"airflow.dag_processing.importers.python_importer","filename":"python_importer.py","lineno":244,"error_detail":[{"exc_type":"IndentationError","exc_value":"unexpected indent (meteo_etl.py, line 74)","exc_notes":[],"syntax_error":{"offset":4,"filename":"/opt/airflow/dags/meteo_etl.py","line":"    @task\n","lineno":74,"msg":"unexpected indent"},"is_cause":false,"frames":[{"filename":"/home/airflow/.local/lib/python3.13/site-packages/airflow/dag_processing/importers/python_importer.py","lineno":238,"name":"parse"},{"filename":"<frozen importlib._bootstrap_external>","lineno":1019,"name":"exec_module"},{"filename":"<frozen importlib._bootstrap_external>","lineno":1157,"name":"get_code"},{"filename":"<frozen importlib._bootstrap_external>","lineno":1087,"name":"source_to_code"},{"filename":"<frozen importlib._bootstrap>","lineno":488,"name":"_call_with_frames_removed"}],"is_group":false,"exceptions":[]}]}
{"timestamp":"2026-09-18T13:54:05.281823Z","level":"error","event":"Error loading DAG from meteo_etl.py: unexpected indent (meteo_etl.py, line 74)","logger":"airflow.dag_processing.dagbag.BundleDagBag","filename":"dagbag.py","lineno":319}
{"timestamp":"2026-09-18T13:54:21.901767Z","level":"info","event":"Filling up the DagBag from /opt/airflow/dags/meteo_etl.py","logger":"airflow.dag_processing.dagbag.BundleDagBag","filename":"dagbag.py","lineno":460}
{"timestamp":"2026-09-18T13:54:21.920938Z","level":"error","event":"Failed to import: /opt/airflow/dags/meteo_etl.py","logger":"airflow.dag_processing.importers.python_importer","filename":"python_importer.py","lineno":244,"error_detail":[{"exc_type":"SyntaxError","exc_value":"Expected one or more names after 'import' (meteo_etl.py, line 3)","exc_notes":[],"syntax_error":{"offset":8,"filename":"/opt/airflow/dags/meteo_etl.py","line":"import \n","lineno":3,"msg":"Expected one or more names after 'import'"},"is_cause":false,"frames":[{"filename":"/home/airflow/.local/lib/python3.13/site-packages/airflow/dag_processing/importers/python_importer.py","lineno":238,"name":"parse"},{"filename":"<frozen importlib._bootstrap_external>","lineno":1019,"name":"exec_module"},{"filename":"<frozen importlib._bootstrap_external>","lineno":1157,"name":"get_code"},{"filename":"<frozen importlib._bootstrap_external>","lineno":1087,"name":"source_to_code"},{"filename":"<frozen importlib._bootstrap>","lineno":488,"name":"_call_with_frames_removed"}],"is_group":false,"exceptions":[]}]}
{"timestamp":"2026-09-18T13:54:21.923052Z","level":"error","event":"Error loading DAG from meteo_etl.py: Expected one or more names after 'import' (meteo_etl.py, line 3)","logger":"airflow.dag_processing.dagbag.BundleDagBag","filename":"dagbag.py","lineno":319}
{"timestamp":"2026-09-18T13:54:28.640704Z","level":"info","event":"Filling up the DagBag from /opt/airflow/dags/meteo_etl.py","logger":"airflow.dag_processing.dagbag.BundleDagBag","filename":"dagbag.py","lineno":460}
{"timestamp":"2026-09-18T13:54:28.655401Z","level":"error","event":"Failed to import: /opt/airflow/dags/meteo_etl.py","logger":"airflow.dag_processing.importers.python_importer","filename":"python_importer.py","lineno":244,"error_detail":[{"exc_type":"IndentationError","exc_value":"unexpected indent (meteo_etl.py, line 76)","exc_notes":[],"syntax_error":{"offset":4,"filename":"/opt/airflow/dags/meteo_etl.py","line":"    @task\n","lineno":76,"msg":"unexpected indent"},"is_cause":false,"frames":[{"filename":"/home/airflow/.local/lib/python3.13/site-packages/airflow/dag_processing/importers/python_importer.py","lineno":238,"name":"parse"},{"filename":"<frozen importlib._bootstrap_external>","lineno":1019,"name":"exec_module"},{"filename":"<frozen importlib._bootstrap_external>","lineno":1157,"name":"get_code"},{"filename":"<frozen importlib._bootstrap_external>","lineno":1087,"name":"source_to_code"},{"filename":"<frozen importlib._bootstrap>","lineno":488,"name":"_call_with_frames_removed"}],"is_group":false,"exceptions":[]}]}
{"timestamp":"2026-09-18T13:54:28.656300Z","level":"error","event":"Error loading DAG from meteo_etl.py: unexpected indent (meteo_etl.py, line 76)","logger":"airflow.dag_processing.dagbag.BundleDagBag","filename":"dagbag.py","lineno":319}
{"timestamp":"2026-09-18T13:54:31.480333Z","level":"info","event":"Filling up the DagBag from /opt/airflow/dags/meteo_etl.py","logger":"airflow.dag_processing.dagbag.BundleDagBag","filename":"dagbag.py","lineno":460}
{"timestamp":"2026-09-18T13:54:31.510463Z","level":"error","event":"Failed to import: /opt/airflow/dags/meteo_etl.py","logger":"airflow.dag_processing.importers.python_importer","filename":"python_importer.py","lineno":244,"error_detail":[{"exc_type":"IndentationError","exc_value":"unexpected indent (meteo_etl.py, line 76)","exc_notes":[],"syntax_error":{"offset":4,"filename":"/opt/airflow/dags/meteo_etl.py","line":"    @task\n","lineno":76,"msg":"unexpected indent"},"is_cause":false,"frames":[{"filename":"/home/airflow/.local/lib/python3.13/site-packages/airflow/dag_processing/importers/python_importer.py","lineno":238,"name":"parse"},{"filename":"<frozen importlib._bootstrap_external>","lineno":1019,"name":"exec_module"},{"filename":"<frozen importlib._bootstrap_external>","lineno":1157,"name":"get_code"},{"filename":"<frozen importlib._bootstrap_external>","lineno":1087,"name":"source_to_code"},{"filename":"<frozen importlib._bootstrap>","lineno":488,"name":"_call_with_frames_removed"}],"is_group":false,"exceptions":[]}]}
{"timestamp":"2026-09-18T13:54:31.511630Z","level":"error","event":"Error loading DAG from meteo_etl.py: unexpected indent (meteo_etl.py, line 76)","logger":"airflow.dag_processing.dagbag.BundleDagBag","filename":"dagbag.py","lineno":319}
{"timestamp":"2026-09-18T13:54:37.773931Z","level":"info","event":"Filling up the DagBag from /opt/airflow/dags/meteo_etl.py","logger":"airflow.dag_processing.dagbag.BundleDagBag","filename":"dagbag.py","lineno":460}
{"timestamp":"2026-09-18T13:54:37.794598Z","level":"error","event":"Failed to import: /opt/airflow/dags/meteo_etl.py","logger":"airflow.dag_processing.importers.python_importer","filename":"python_importer.py","lineno":244,"error_detail":[{"exc_type":"IndentationError","exc_value":"unexpected indent (meteo_etl.py, line 76)","exc_notes":[],"syntax_error":{"offset":4,"filename":"/opt/airflow/dags/meteo_etl.py","line":"    @task\n","lineno":76,"msg":"unexpected indent"},"is_cause":false,"frames":[{"filename":"/home/airflow/.local/lib/python3.13/site-packages/airflow/dag_processing/importers/python_importer.py","lineno":238,"name":"parse"},{"filename":"<frozen importlib._bootstrap_external>","lineno":1019,"name":"exec_module"},{"filename":"<frozen importlib._bootstrap_external>","lineno":1157,"name":"get_code"},{"filename":"<frozen importlib._bootstrap_external>","lineno":1087,"name":"source_to_code"},{"filename":"<frozen importlib._bootstrap>","lineno":488,"name":"_call_with_frames_removed"}],"is_group":false,"exceptions":[]}]}
{"timestamp":"2026-09-18T13:54:37.795484Z","level":"error","event":"Error loading DAG from meteo_etl.py: unexpected indent (meteo_etl.py, line 76)","logger":"airflow.dag_processing.dagbag.BundleDagBag","filename":"dagbag.py","lineno":319}
{"timestamp":"2026-09-18T13:54:43.366395Z","level":"info","event":"Filling up the DagBag from /opt/airflow/dags/meteo_etl.py","logger":"airflow.dag_processing.dagbag.BundleDagBag","filename":"dagbag.py","lineno":460}
{"timestamp":"2026-09-18T13:54:43.417937Z","level":"error","event":"Failed to import: /opt/airflow/dags/meteo_etl.py","logger":"airflow.dag_processing.importers.python_importer","filename":"python_importer.py","lineno":244,"error_detail":[{"exc_type":"IndentationError","exc_value":"expected an indented block after function definition on line 16 (meteo_etl.py, line 19)","exc_notes":[],"syntax_error":{"offset":0,"filename":"/opt/airflow/dags/meteo_etl.py","line":"def get_weather(latitude, longitude):\n","lineno":19,"msg":"expected an indented block after function definition on line 16"},"is_cause":false,"frames":[{"filename":"/home/airflow/.local/lib/python3.13/site-packages/airflow/dag_processing/importers/python_importer.py","lineno":238,"name":"parse"},{"filename":"<frozen importlib._bootstrap_external>","lineno":1019,"name":"exec_module"},{"filename":"<frozen importlib._bootstrap_external>","lineno":1157,"name":"get_code"},{"filename":"<frozen importlib._bootstrap_external>","lineno":1087,"name":"source_to_code"},{"filename":"<frozen importlib._bootstrap>","lineno":488,"name":"_call_with_frames_removed"}],"is_group":false,"exceptions":[]}]}
{"timestamp":"2026-09-18T13:54:43.419046Z","level":"error","event":"Error loading DAG from meteo_etl.py: expected an indented block after function definition on line 16 (meteo_etl.py, line 19)","logger":"airflow.dag_processing.dagbag.BundleDagBag","filename":"dagbag.py","lineno":319}
{"timestamp":"2026-09-18T13:55:06.645175Z","level":"info","event":"Filling up the DagBag from /opt/airflow/dags/meteo_etl.py","logger":"airflow.dag_processing.dagbag.BundleDagBag","filename":"dagbag.py","lineno":460}
{"timestamp":"2026-09-18T13:55:09.575724Z","level":"info","event":"Filling up the DagBag from /opt/airflow/dags/meteo_etl.py","logger":"airflow.dag_processing.dagbag.BundleDagBag","filename":"dagbag.py","lineno":460}
{"timestamp":"2026-09-18T13:55:39.746904Z","level":"info","event":"Filling up the DagBag from /opt/airflow/dags/meteo_etl.py","logger":"airflow.dag_processing.dagbag.BundleDagBag","filename":"dagbag.py","lineno":460}
{"timestamp":"2026-09-18T13:56:10.332266Z","level":"info","event":"Filling up the DagBag from /opt/airflow/dags/meteo_etl.py","logger":"airflow.dag_processing.dagbag.BundleDagBag","filename":"dagbag.py","lineno":460}
{"timestamp":"2026-09-18T13:56:40.595406Z","level":"info","event":"Filling up the DagBag from /opt/airflow/dags/meteo_etl.py","logger":"airflow.dag_processing.dagbag.BundleDagBag","filename":"dagbag.py","lineno":460}
{"timestamp":"2026-09-18T13:57:09.219603Z","level":"info","event":"Filling up the DagBag from /opt/airflow/dags/meteo_etl.py","logger":"airflow.dag_processing.dagbag.BundleDagBag","filename":"dagbag.py","lineno":460}
{"timestamp":"2026-09-18T13:57:39.350126Z","level":"info","event":"Filling up the DagBag from /opt/airflow/dags/meteo_etl.py","logger":"airflow.dag_processing.dagbag.BundleDagBag","filename":"dagbag.py","lineno":460}
{"timestamp":"2026-09-18T13:58:09.730911Z","level":"info","event":"Filling up the DagBag from /opt/airflow/dags/meteo_etl.py","logger":"airflow.dag_processing.dagbag.BundleDagBag","filename":"dagbag.py","lineno":460}
{"timestamp":"2026-09-18T13:58:40.833086Z","level":"info","event":"Filling up the DagBag from /opt/airflow/dags/meteo_etl.py","logger":"airflow.dag_processing.dagbag.BundleDagBag","filename":"dagbag.py","lineno":460}
{"timestamp":"2026-09-18T13:59:11.070975Z","level":"info","event":"Filling up the DagBag from /opt/airflow/dags/meteo_etl.py","logger":"airflow.dag_processing.dagbag.BundleDagBag","filename":"dagbag.py","lineno":460}
{"timestamp":"2026-09-18T13:59:41.311859Z","level":"info","event":"Filling up the DagBag from /opt/airflow/dags/meteo_etl.py","logger":"airflow.dag_processing.dagbag.BundleDagBag","filename":"dagbag.py","lineno":460}
{"timestamp":"2026-09-18T14:00:11.797548Z","level":"info","event":"Filling up the DagBag from /opt/airflow/dags/meteo_etl.py","logger":"airflow.dag_processing.dagbag.BundleDagBag","filename":"dagbag.py","lineno":460}
{"timestamp":"2026-09-18T14:00:27.254674Z","level":"info","event":"Filling up the DagBag from /opt/airflow/dags/meteo_etl.py","logger":"airflow.dag_processing.dagbag.BundleDagBag","filename":"dagbag.py","lineno":460}
{"timestamp":"2026-09-18T14:00:27.295574Z","level":"error","event":"Failed to import: /opt/airflow/dags/meteo_etl.py","logger":"airflow.dag_processing.importers.python_importer","filename":"python_importer.py","lineno":244,"error_detail":[{"exc_type":"IndentationError","exc_value":"expected an indented block after function definition on line 74 (meteo_etl.py, line 77)","exc_notes":[],"syntax_error":{"offset":5,"filename":"/opt/airflow/dags/meteo_etl.py","line":"    @task\n","lineno":77,"msg":"expected an indented block after function definition on line 74"},"is_cause":false,"frames":[{"filename":"/home/airflow/.local/lib/python3.13/site-packages/airflow/dag_processing/importers/python_importer.py","lineno":238,"name":"parse"},{"filename":"<frozen importlib._bootstrap_external>","lineno":1019,"name":"exec_module"},{"filename":"<frozen importlib._bootstrap_external>","lineno":1157,"name":"get_code"},{"filename":"<frozen importlib._bootstrap_external>","lineno":1087,"name":"source_to_code"},{"filename":"<frozen importlib._bootstrap>","lineno":488,"name":"_call_with_frames_removed"}],"is_group":false,"exceptions":[]}]}
{"timestamp":"2026-09-18T14:00:27.296668Z","level":"error","event":"Error loading DAG from meteo_etl.py: expected an indented block after function definition on line 74 (meteo_etl.py, line 77)","logger":"airflow.dag_processing.dagbag.BundleDagBag","filename":"dagbag.py","lineno":319}
{"timestamp":"2026-09-18T14:00:58.332373Z","level":"info","event":"Filling up the DagBag from /opt/airflow/dags/meteo_etl.py","logger":"airflow.dag_processing.dagbag.BundleDagBag","filename":"dagbag.py","lineno":460}
{"timestamp":"2026-09-18T14:00:58.351291Z","level":"error","event":"Failed to import: /opt/airflow/dags/meteo_etl.py","logger":"airflow.dag_processing.importers.python_importer","filename":"python_importer.py","lineno":244,"error_detail":[{"exc_type":"IndentationError","exc_value":"expected an indented block after function definition on line 74 (meteo_etl.py, line 77)","exc_notes":[],"syntax_error":{"offset":5,"filename":"/opt/airflow/dags/meteo_etl.py","line":"    @task\n","lineno":77,"msg":"expected an indented block after function definition on line 74"},"is_cause":false,"frames":[{"filename":"/home/airflow/.local/lib/python3.13/site-packages/airflow/dag_processing/importers/python_importer.py","lineno":238,"name":"parse"},{"filename":"<frozen importlib._bootstrap_external>","lineno":1019,"name":"exec_module"},{"filename":"<frozen importlib._bootstrap_external>","lineno":1157,"name":"get_code"},{"filename":"<frozen importlib._bootstrap_external>","lineno":1087,"name":"source_to_code"},{"filename":"<frozen importlib._bootstrap>","lineno":488,"name":"_call_with_frames_removed"}],"is_group":false,"exceptions":[]}]}
{"timestamp":"2026-09-18T14:00:58.352810Z","level":"error","event":"Error loading DAG from meteo_etl.py: expected an indented block after function definition on line 74 (meteo_etl.py, line 77)","logger":"airflow.dag_processing.dagbag.BundleDagBag","filename":"dagbag.py","lineno":319}
{"timestamp":"2026-09-18T14:01:29.047999Z","level":"info","event":"Filling up the DagBag from /opt/airflow/dags/meteo_etl.py","logger":"airflow.dag_processing.dagbag.BundleDagBag","filename":"dagbag.py","lineno":460}
{"timestamp":"2026-09-18T14:01:29.066728Z","level":"error","event":"Failed to import: /opt/airflow/dags/meteo_etl.py","logger":"airflow.dag_processing.importers.python_importer","filename":"python_importer.py","lineno":244,"error_detail":[{"exc_type":"IndentationError","exc_value":"expected an indented block after function definition on line 74 (meteo_etl.py, line 77)","exc_notes":[],"syntax_error":{"offset":5,"filename":"/opt/airflow/dags/meteo_etl.py","line":"    @task\n","lineno":77,"msg":"expected an indented block after function definition on line 74"},"is_cause":false,"frames":[{"filename":"/home/airflow/.local/lib/python3.13/site-packages/airflow/dag_processing/importers/python_importer.py","lineno":238,"name":"parse"},{"filename":"<frozen importlib._bootstrap_external>","lineno":1019,"name":"exec_module"},{"filename":"<frozen importlib._bootstrap_external>","lineno":1157,"name":"get_code"},{"filename":"<frozen importlib._bootstrap_external>","lineno":1087,"name":"source_to_code"},{"filename":"<frozen importlib._bootstrap>","lineno":488,"name":"_call_with_frames_removed"}],"is_group":false,"exceptions":[]}]}
{"timestamp":"2026-09-18T14:01:29.067618Z","level":"error","event":"Error loading DAG from meteo_etl.py: expected an indented block after function definition on line 74 (meteo_etl.py, line 77)","logger":"airflow.dag_processing.dagbag.BundleDagBag","filename":"dagbag.py","lineno":319}
{"timestamp":"2026-09-18T14:01:59.511168Z","level":"info","event":"Filling up the DagBag from /opt/airflow/dags/meteo_etl.py","logger":"airflow.dag_processing.dagbag.BundleDagBag","filename":"dagbag.py","lineno":460}
{"timestamp":"2026-09-18T14:01:59.533929Z","level":"error","event":"Failed to import: /opt/airflow/dags/meteo_etl.py","logger":"airflow.dag_processing.importers.python_importer","filename":"python_importer.py","lineno":244,"error_detail":[{"exc_type":"IndentationError","exc_value":"expected an indented block after function definition on line 74 (meteo_etl.py, line 77)","exc_notes":[],"syntax_error":{"offset":5,"filename":"/opt/airflow/dags/meteo_etl.py","line":"    @task\n","lineno":77,"msg":"expected an indented block after function definition on line 74"},"is_cause":false,"frames":[{"filename":"/home/airflow/.local/lib/python3.13/site-packages/airflow/dag_processing/importers/python_importer.py","lineno":238,"name":"parse"},{"filename":"<frozen importlib._bootstrap_external>","lineno":1019,"name":"exec_module"},{"filename":"<frozen importlib._bootstrap_external>","lineno":1157,"name":"get_code"},{"filename":"<frozen importlib._bootstrap_external>","lineno":1087,"name":"source_to_code"},{"filename":"<frozen importlib._bootstrap>","lineno":488,"name":"_call_with_frames_removed"}],"is_group":false,"exceptions":[]}]}
{"timestamp":"2026-09-18T14:01:59.534740Z","level":"error","event":"Error loading DAG from meteo_etl.py: expected an indented block after function definition on line 74 (meteo_etl.py, line 77)","logger":"airflow.dag_processing.dagbag.BundleDagBag","filename":"dagbag.py","lineno":319}
{"timestamp":"2026-09-18T14:02:29.736693Z","level":"info","event":"Filling up the DagBag from /opt/airflow/dags/meteo_etl.py","logger":"airflow.dag_processing.dagbag.BundleDagBag","filename":"dagbag.py","lineno":460}
{"timestamp":"2026-09-18T14:02:29.754346Z","level":"error","event":"Failed to import: /opt/airflow/dags/meteo_etl.py","logger":"airflow.dag_processing.importers.python_importer","filename":"python_importer.py","lineno":244,"error_detail":[{"exc_type":"IndentationError","exc_value":"expected an indented block after function definition on line 74 (meteo_etl.py, line 77)","exc_notes":[],"syntax_error":{"offset":5,"filename":"/opt/airflow/dags/meteo_etl.py","line":"    @task\n","lineno":77,"msg":"expected an indented block after function definition on line 74"},"is_cause":false,"frames":[{"filename":"/home/airflow/.local/lib/python3.13/site-packages/airflow/dag_processing/importers/python_importer.py","lineno":238,"name":"parse"},{"filename":"<frozen importlib._bootstrap_external>","lineno":1019,"name":"exec_module"},{"filename":"<frozen importlib._bootstrap_external>","lineno":1157,"name":"get_code"},{"filename":"<frozen importlib._bootstrap_external>","lineno":1087,"name":"source_to_code"},{"filename":"<frozen importlib._bootstrap>","lineno":488,"name":"_call_with_frames_removed"}],"is_group":false,"exceptions":[]}]}
{"timestamp":"2026-09-18T14:02:29.755443Z","level":"error","event":"Error loading DAG from meteo_etl.py: expected an indented block after function definition on line 74 (meteo_etl.py, line 77)","logger":"airflow.dag_processing.dagbag.BundleDagBag","filename":"dagbag.py","lineno":319}
{"timestamp":"2026-09-18T14:02:59.910661Z","level":"info","event":"Filling up the DagBag from /opt/airflow/dags/meteo_etl.py","logger":"airflow.dag_processing.dagbag.BundleDagBag","filename":"dagbag.py","lineno":460}
{"timestamp":"2026-09-18T14:02:59.935702Z","level":"error","event":"Failed to import: /opt/airflow/dags/meteo_etl.py","logger":"airflow.dag_processing.importers.python_importer","filename":"python_importer.py","lineno":244,"error_detail":[{"exc_type":"IndentationError","exc_value":"expected an indented block after function definition on line 74 (meteo_etl.py, line 77)","exc_notes":[],"syntax_error":{"offset":5,"filename":"/opt/airflow/dags/meteo_etl.py","line":"    @task\n","lineno":77,"msg":"expected an indented block after function definition on line 74"},"is_cause":false,"frames":[{"filename":"/home/airflow/.local/lib/python3.13/site-packages/airflow/dag_processing/importers/python_importer.py","lineno":238,"name":"parse"},{"filename":"<frozen importlib._bootstrap_external>","lineno":1019,"name":"exec_module"},{"filename":"<frozen importlib._bootstrap_external>","lineno":1157,"name":"get_code"},{"filename":"<frozen importlib._bootstrap_external>","lineno":1087,"name":"source_to_code"},{"filename":"<frozen importlib._bootstrap>","lineno":488,"name":"_call_with_frames_removed"}],"is_group":false,"exceptions":[]}]}
{"timestamp":"2026-09-18T14:02:59.936779Z","level":"error","event":"Error loading DAG from meteo_etl.py: expected an indented block after function definition on line 74 (meteo_etl.py, line 77)","logger":"airflow.dag_processing.dagbag.BundleDagBag","filename":"dagbag.py","lineno":319}
{"timestamp":"2026-09-18T14:03:30.790048Z","level":"info","event":"Filling up the DagBag from /opt/airflow/dags/meteo_etl.py","logger":"airflow.dag_processing.dagbag.BundleDagBag","filename":"dagbag.py","lineno":460}
{"timestamp":"2026-09-18T14:03:30.848159Z","level":"error","event":"Failed to import: /opt/airflow/dags/meteo_etl.py","logger":"airflow.dag_processing.importers.python_importer","filename":"python_importer.py","lineno":244,"error_detail":[{"exc_type":"IndentationError","exc_value":"expected an indented block after function definition on line 74 (meteo_etl.py, line 77)","exc_notes":[],"syntax_error":{"offset":5,"filename":"/opt/airflow/dags/meteo_etl.py","line":"    @task\n","lineno":77,"msg":"expected an indented block after function definition on line 74"},"is_cause":false,"frames":[{"filename":"/home/airflow/.local/lib/python3.13/site-packages/airflow/dag_processing/importers/python_importer.py","lineno":238,"name":"parse"},{"filename":"<frozen importlib._bootstrap_external>","lineno":1019,"name":"exec_module"},{"filename":"<frozen importlib._bootstrap_external>","lineno":1157,"name":"get_code"},{"filename":"<frozen importlib._bootstrap_external>","lineno":1087,"name":"source_to_code"},{"filename":"<frozen importlib._bootstrap>","lineno":488,"name":"_call_with_frames_removed"}],"is_group":false,"exceptions":[]}]}
{"timestamp":"2026-09-18T14:03:30.849443Z","level":"error","event":"Error loading DAG from meteo_etl.py: expected an indented block after function definition on line 74 (meteo_etl.py, line 77)","logger":"airflow.dag_processing.dagbag.BundleDagBag","filename":"dagbag.py","lineno":319}
{"timestamp":"2026-09-18T14:04:00.999378Z","level":"info","event":"Filling up the DagBag from /opt/airflow/dags/meteo_etl.py","logger":"airflow.dag_processing.dagbag.BundleDagBag","filename":"dagbag.py","lineno":460}
{"timestamp":"2026-09-18T14:04:01.028531Z","level":"error","event":"Failed to import: /opt/airflow/dags/meteo_etl.py","logger":"airflow.dag_processing.importers.python_importer","filename":"python_importer.py","lineno":244,"error_detail":[{"exc_type":"IndentationError","exc_value":"expected an indented block after function definition on line 74 (meteo_etl.py, line 77)","exc_notes":[],"syntax_error":{"offset":5,"filename":"/opt/airflow/dags/meteo_etl.py","line":"    @task\n","lineno":77,"msg":"expected an indented block after function definition on line 74"},"is_cause":false,"frames":[{"filename":"/home/airflow/.local/lib/python3.13/site-packages/airflow/dag_processing/importers/python_importer.py","lineno":238,"name":"parse"},{"filename":"<frozen importlib._bootstrap_external>","lineno":1019,"name":"exec_module"},{"filename":"<frozen importlib._bootstrap_external>","lineno":1157,"name":"get_code"},{"filename":"<frozen importlib._bootstrap_external>","lineno":1087,"name":"source_to_code"},{"filename":"<frozen importlib._bootstrap>","lineno":488,"name":"_call_with_frames_removed"}],"is_group":false,"exceptions":[]}]}
{"timestamp":"2026-09-18T14:04:01.030479Z","level":"error","event":"Error loading DAG from meteo_etl.py: expected an indented block after function definition on line 74 (meteo_etl.py, line 77)","logger":"airflow.dag_processing.dagbag.BundleDagBag","filename":"dagbag.py","lineno":319}
{"timestamp":"2026-09-18T14:04:31.877810Z","level":"info","event":"Filling up the DagBag from /opt/airflow/dags/meteo_etl.py","logger":"airflow.dag_processing.dagbag.BundleDagBag","filename":"dagbag.py","lineno":460}
{"timestamp":"2026-09-18T14:04:31.897416Z","level":"error","event":"Failed to import: /opt/airflow/dags/meteo_etl.py","logger":"airflow.dag_processing.importers.python_importer","filename":"python_importer.py","lineno":244,"error_detail":[{"exc_type":"IndentationError","exc_value":"expected an indented block after function definition on line 74 (meteo_etl.py, line 77)","exc_notes":[],"syntax_error":{"offset":5,"filename":"/opt/airflow/dags/meteo_etl.py","line":"    @task\n","lineno":77,"msg":"expected an indented block after function definition on line 74"},"is_cause":false,"frames":[{"filename":"/home/airflow/.local/lib/python3.13/site-packages/airflow/dag_processing/importers/python_importer.py","lineno":238,"name":"parse"},{"filename":"<frozen importlib._bootstrap_external>","lineno":1019,"name":"exec_module"},{"filename":"<frozen importlib._bootstrap_external>","lineno":1157,"name":"get_code"},{"filename":"<frozen importlib._bootstrap_external>","lineno":1087,"name":"source_to_code"},{"filename":"<frozen importlib._bootstrap>","lineno":488,"name":"_call_with_frames_removed"}],"is_group":false,"exceptions":[]}]}
{"timestamp":"2026-09-18T14:04:31.898347Z","level":"error","event":"Error loading DAG from meteo_etl.py: expected an indented block after function definition on line 74 (meteo_etl.py, line 77)","logger":"airflow.dag_processing.dagbag.BundleDagBag","filename":"dagbag.py","lineno":319}
{"timestamp":"2026-09-18T14:04:32.770119Z","level":"info","event":"Filling up the DagBag from /opt/airflow/dags/meteo_etl.py","logger":"airflow.dag_processing.dagbag.BundleDagBag","filename":"dagbag.py","lineno":460}
{"timestamp":"2026-09-18T14:04:32.849509Z","level":"error","event":"Failed to import: /opt/airflow/dags/meteo_etl.py","logger":"airflow.dag_processing.importers.python_importer","filename":"python_importer.py","lineno":244,"error_detail":[{"exc_type":"SyntaxError","exc_value":"unexpected character after line continuation character (meteo_etl.py, line 75)","exc_notes":[],"syntax_error":{"offset":11,"filename":"/opt/airflow/dags/meteo_etl.py","line":"       c:\\workspace\\ETL-meteo\\data.csv\n","lineno":75,"msg":"unexpected character after line continuation character"},"is_cause":false,"frames":[{"filename":"/home/airflow/.local/lib/python3.13/site-packages/airflow/dag_processing/importers/python_importer.py","lineno":238,"name":"parse"},{"filename":"<frozen importlib._bootstrap_external>","lineno":1019,"name":"exec_module"},{"filename":"<frozen importlib._bootstrap_external>","lineno":1157,"name":"get_code"},{"filename":"<frozen importlib._bootstrap_external>","lineno":1087,"name":"source_to_code"},{"filename":"<frozen importlib._bootstrap>","lineno":488,"name":"_call_with_frames_removed"}],"is_group":false,"exceptions":[]}]}
{"timestamp":"2026-09-18T14:04:32.851320Z","level":"error","event":"Error loading DAG from meteo_etl.py: unexpected character after line continuation character (meteo_etl.py, line 75)","logger":"airflow.dag_processing.dagbag.BundleDagBag","filename":"dagbag.py","lineno":319}
{"timestamp":"2026-09-18T14:04:34.082490Z","level":"info","event":"Filling up the DagBag from /opt/airflow/dags/meteo_etl.py","logger":"airflow.dag_processing.dagbag.BundleDagBag","filename":"dagbag.py","lineno":460}
{"timestamp":"2026-09-18T14:04:34.098372Z","level":"error","event":"Failed to import: /opt/airflow/dags/meteo_etl.py","logger":"airflow.dag_processing.importers.python_importer","filename":"python_importer.py","lineno":244,"error_detail":[{"exc_type":"IndentationError","exc_value":"expected an indented block after function definition on line 74 (meteo_etl.py, line 77)","exc_notes":[],"syntax_error":{"offset":5,"filename":"/opt/airflow/dags/meteo_etl.py","line":"    @task\n","lineno":77,"msg":"expected an indented block after function definition on line 74"},"is_cause":false,"frames":[{"filename":"/home/airflow/.local/lib/python3.13/site-packages/airflow/dag_processing/importers/python_importer.py","lineno":238,"name":"parse"},{"filename":"<frozen importlib._bootstrap_external>","lineno":1019,"name":"exec_module"},{"filename":"<frozen importlib._bootstrap_external>","lineno":1157,"name":"get_code"},{"filename":"<frozen importlib._bootstrap_external>","lineno":1087,"name":"source_to_code"},{"filename":"<frozen importlib._bootstrap>","lineno":488,"name":"_call_with_frames_removed"}],"is_group":false,"exceptions":[]}]}
{"timestamp":"2026-09-18T14:04:34.099441Z","level":"error","event":"Error loading DAG from meteo_etl.py: expected an indented block after function definition on line 74 (meteo_etl.py, line 77)","logger":"airflow.dag_processing.dagbag.BundleDagBag","filename":"dagbag.py","lineno":319}
{"timestamp":"2026-09-18T14:05:04.964272Z","level":"info","event":"Filling up the DagBag from /opt/airflow/dags/meteo_etl.py","logger":"airflow.dag_processing.dagbag.BundleDagBag","filename":"dagbag.py","lineno":460}
{"timestamp":"2026-09-18T14:05:04.985534Z","level":"error","event":"Failed to import: /opt/airflow/dags/meteo_etl.py","logger":"airflow.dag_processing.importers.python_importer","filename":"python_importer.py","lineno":244,"error_detail":[{"exc_type":"IndentationError","exc_value":"expected an indented block after function definition on line 74 (meteo_etl.py, line 77)","exc_notes":[],"syntax_error":{"offset":5,"filename":"/opt/airflow/dags/meteo_etl.py","line":"    @task\n","lineno":77,"msg":"expected an indented block after function definition on line 74"},"is_cause":false,"frames":[{"filename":"/home/airflow/.local/lib/python3.13/site-packages/airflow/dag_processing/importers/python_importer.py","lineno":238,"name":"parse"},{"filename":"<frozen importlib._bootstrap_external>","lineno":1019,"name":"exec_module"},{"filename":"<frozen importlib._bootstrap_external>","lineno":1157,"name":"get_code"},{"filename":"<frozen importlib._bootstrap_external>","lineno":1087,"name":"source_to_code"},{"filename":"<frozen importlib._bootstrap>","lineno":488,"name":"_call_with_frames_removed"}],"is_group":false,"exceptions":[]}]}
{"timestamp":"2026-09-18T14:05:04.986375Z","level":"error","event":"Error loading DAG from meteo_etl.py: expected an indented block after function definition on line 74 (meteo_etl.py, line 77)","logger":"airflow.dag_processing.dagbag.BundleDagBag","filename":"dagbag.py","lineno":319}
{"timestamp":"2026-09-18T14:05:35.139958Z","level":"info","event":"Filling up the DagBag from /opt/airflow/dags/meteo_etl.py","logger":"airflow.dag_processing.dagbag.BundleDagBag","filename":"dagbag.py","lineno":460}
{"timestamp":"2026-09-18T14:05:35.170516Z","level":"error","event":"Failed to import: /opt/airflow/dags/meteo_etl.py","logger":"airflow.dag_processing.importers.python_importer","filename":"python_importer.py","lineno":244,"error_detail":[{"exc_type":"IndentationError","exc_value":"expected an indented block after function definition on line 74 (meteo_etl.py, line 77)","exc_notes":[],"syntax_error":{"offset":5,"filename":"/opt/airflow/dags/meteo_etl.py","line":"    @task\n","lineno":77,"msg":"expected an indented block after function definition on line 74"},"is_cause":false,"frames":[{"filename":"/home/airflow/.local/lib/python3.13/site-packages/airflow/dag_processing/importers/python_importer.py","lineno":238,"name":"parse"},{"filename":"<frozen importlib._bootstrap_external>","lineno":1019,"name":"exec_module"},{"filename":"<frozen importlib._bootstrap_external>","lineno":1157,"name":"get_code"},{"filename":"<frozen importlib._bootstrap_external>","lineno":1087,"name":"source_to_code"},{"filename":"<frozen importlib._bootstrap>","lineno":488,"name":"_call_with_frames_removed"}],"is_group":false,"exceptions":[]}]}
{"timestamp":"2026-09-18T14:05:35.172125Z","level":"error","event":"Error loading DAG from meteo_etl.py: expected an indented block after function definition on line 74 (meteo_etl.py, line 77)","logger":"airflow.dag_processing.dagbag.BundleDagBag","filename":"dagbag.py","lineno":319}
{"timestamp":"2026-09-18T14:06:01.393805Z","level":"info","event":"Filling up the DagBag from /opt/airflow/dags/meteo_etl.py","logger":"airflow.dag_processing.dagbag.BundleDagBag","filename":"dagbag.py","lineno":460}
{"timestamp":"2026-09-18T14:06:01.416552Z","level":"error","event":"Failed to import: /opt/airflow/dags/meteo_etl.py","logger":"airflow.dag_processing.importers.python_importer","filename":"python_importer.py","lineno":244,"error_detail":[{"exc_type":"IndentationError","exc_value":"expected an indented block after function definition on line 74 (meteo_etl.py, line 77)","exc_notes":[],"syntax_error":{"offset":5,"filename":"/opt/airflow/dags/meteo_etl.py","line":"    @task\n","lineno":77,"msg":"expected an indented block after function definition on line 74"},"is_cause":false,"frames":[{"filename":"/home/airflow/.local/lib/python3.13/site-packages/airflow/dag_processing/importers/python_importer.py","lineno":238,"name":"parse"},{"filename":"<frozen importlib._bootstrap_external>","lineno":1019,"name":"exec_module"},{"filename":"<frozen importlib._bootstrap_external>","lineno":1157,"name":"get_code"},{"filename":"<frozen importlib._bootstrap_external>","lineno":1087,"name":"source_to_code"},{"filename":"<frozen importlib._bootstrap>","lineno":488,"name":"_call_with_frames_removed"}],"is_group":false,"exceptions":[]}]}
{"timestamp":"2026-09-18T14:06:01.417541Z","level":"error","event":"Error loading DAG from meteo_etl.py: expected an indented block after function definition on line 74 (meteo_etl.py, line 77)","logger":"airflow.dag_processing.dagbag.BundleDagBag","filename":"dagbag.py","lineno":319}
{"timestamp":"2026-09-18T14:06:02.899823Z","level":"info","event":"Filling up the DagBag from /opt/airflow/dags/meteo_etl.py","logger":"airflow.dag_processing.dagbag.BundleDagBag","filename":"dagbag.py","lineno":460}
{"timestamp":"2026-09-18T14:06:03.001384Z","level":"error","event":"Failed to import: /opt/airflow/dags/meteo_etl.py","logger":"airflow.dag_processing.importers.python_importer","filename":"python_importer.py","lineno":244,"error_detail":[{"exc_type":"IndentationError","exc_value":"expected an indented block after function definition on line 74 (meteo_etl.py, line 78)","exc_notes":[],"syntax_error":{"offset":5,"filename":"/opt/airflow/dags/meteo_etl.py","line":"    @task\n","lineno":78,"msg":"expected an indented block after function definition on line 74"},"is_cause":false,"frames":[{"filename":"/home/airflow/.local/lib/python3.13/site-packages/airflow/dag_processing/importers/python_importer.py","lineno":238,"name":"parse"},{"filename":"<frozen importlib._bootstrap_external>","lineno":1019,"name":"exec_module"},{"filename":"<frozen importlib._bootstrap_external>","lineno":1157,"name":"get_code"},{"filename":"<frozen importlib._bootstrap_external>","lineno":1087,"name":"source_to_code"},{"filename":"<frozen importlib._bootstrap>","lineno":488,"name":"_call_with_frames_removed"}],"is_group":false,"exceptions":[]}]}
{"timestamp":"2026-09-18T14:06:03.003164Z","level":"error","event":"Error loading DAG from meteo_etl.py: expected an indented block after function definition on line 74 (meteo_etl.py, line 78)","logger":"airflow.dag_processing.dagbag.BundleDagBag","filename":"dagbag.py","lineno":319}
{"timestamp":"2026-09-18T14:06:03.874679Z","level":"info","event":"Filling up the DagBag from /opt/airflow/dags/meteo_etl.py","logger":"airflow.dag_processing.dagbag.BundleDagBag","filename":"dagbag.py","lineno":460}
{"timestamp":"2026-09-18T14:06:03.889599Z","level":"error","event":"Failed to import: /opt/airflow/dags/meteo_etl.py","logger":"airflow.dag_processing.importers.python_importer","filename":"python_importer.py","lineno":244,"error_detail":[{"exc_type":"IndentationError","exc_value":"expected an indented block after function definition on line 74 (meteo_etl.py, line 79)","exc_notes":[],"syntax_error":{"offset":5,"filename":"/opt/airflow/dags/meteo_etl.py","line":"    @task\n","lineno":79,"msg":"expected an indented block after function definition on line 74"},"is_cause":false,"frames":[{"filename":"/home/airflow/.local/lib/python3.13/site-packages/airflow/dag_processing/importers/python_importer.py","lineno":238,"name":"parse"},{"filename":"<frozen importlib._bootstrap_external>","lineno":1019,"name":"exec_module"},{"filename":"<frozen importlib._bootstrap_external>","lineno":1157,"name":"get_code"},{"filename":"<frozen importlib._bootstrap_external>","lineno":1087,"name":"source_to_code"},{"filename":"<frozen importlib._bootstrap>","lineno":488,"name":"_call_with_frames_removed"}],"is_group":false,"exceptions":[]}]}
{"timestamp":"2026-09-18T14:06:03.890561Z","level":"error","event":"Error loading DAG from meteo_etl.py: expected an indented block after function definition on line 74 (meteo_etl.py, line 79)","logger":"airflow.dag_processing.dagbag.BundleDagBag","filename":"dagbag.py","lineno":319}
{"timestamp":"2026-09-18T14:06:07.216478Z","level":"info","event":"Filling up the DagBag from /opt/airflow/dags/meteo_etl.py","logger":"airflow.dag_processing.dagbag.BundleDagBag","filename":"dagbag.py","lineno":460}
{"timestamp":"2026-09-18T14:06:07.236680Z","level":"error","event":"Failed to import: /opt/airflow/dags/meteo_etl.py","logger":"airflow.dag_processing.importers.python_importer","filename":"python_importer.py","lineno":244,"error_detail":[{"exc_type":"IndentationError","exc_value":"unexpected indent (meteo_etl.py, line 234)","exc_notes":[],"syntax_error":{"offset":4,"filename":"/opt/airflow/dags/meteo_etl.py","line":"    @task\n","lineno":234,"msg":"unexpected indent"},"is_cause":false,"frames":[{"filename":"/home/airflow/.local/lib/python3.13/site-packages/airflow/dag_processing/importers/python_importer.py","lineno":238,"name":"parse"},{"filename":"<frozen importlib._bootstrap_external>","lineno":1019,"name":"exec_module"},{"filename":"<frozen importlib._bootstrap_external>","lineno":1157,"name":"get_code"},{"filename":"<frozen importlib._bootstrap_external>","lineno":1087,"name":"source_to_code"},{"filename":"<frozen importlib._bootstrap>","lineno":488,"name":"_call_with_frames_removed"}],"is_group":false,"exceptions":[]}]}
{"timestamp":"2026-09-18T14:06:07.237599Z","level":"error","event":"Error loading DAG from meteo_etl.py: unexpected indent (meteo_etl.py, line 234)","logger":"airflow.dag_processing.dagbag.BundleDagBag","filename":"dagbag.py","lineno":319}
{"timestamp":"2026-09-18T14:06:12.307304Z","level":"info","event":"Filling up the DagBag from /opt/airflow/dags/meteo_etl.py","logger":"airflow.dag_processing.dagbag.BundleDagBag","filename":"dagbag.py","lineno":460}
{"timestamp":"2026-09-18T14:06:12.361562Z","level":"error","event":"Failed to import: /opt/airflow/dags/meteo_etl.py","logger":"airflow.dag_processing.importers.python_importer","filename":"python_importer.py","lineno":244,"error_detail":[{"exc_type":"IndentationError","exc_value":"unexpected indent (meteo_etl.py, line 225)","exc_notes":[],"syntax_error":{"offset":8,"filename":"/opt/airflow/dags/meteo_etl.py","line":"        doublan()\n","lineno":225,"msg":"unexpected indent"},"is_cause":false,"frames":[{"filename":"/home/airflow/.local/lib/python3.13/site-packages/airflow/dag_processing/importers/python_importer.py","lineno":238,"name":"parse"},{"filename":"<frozen importlib._bootstrap_external>","lineno":1019,"name":"exec_module"},{"filename":"<frozen importlib._bootstrap_external>","lineno":1157,"name":"get_code"},{"filename":"<frozen importlib._bootstrap_external>","lineno":1087,"name":"source_to_code"},{"filename":"<frozen importlib._bootstrap>","lineno":488,"name":"_call_with_frames_removed"}],"is_group":false,"exceptions":[]}]}
{"timestamp":"2026-09-18T14:06:12.362641Z","level":"error","event":"Error loading DAG from meteo_etl.py: unexpected indent (meteo_etl.py, line 225)","logger":"airflow.dag_processing.dagbag.BundleDagBag","filename":"dagbag.py","lineno":319}
{"timestamp":"2026-09-18T14:06:17.508145Z","level":"info","event":"Filling up the DagBag from /opt/airflow/dags/meteo_etl.py","logger":"airflow.dag_processing.dagbag.BundleDagBag","filename":"dagbag.py","lineno":460}
{"timestamp":"2026-09-18T14:06:17.525134Z","level":"error","event":"Failed to import: /opt/airflow/dags/meteo_etl.py","logger":"airflow.dag_processing.importers.python_importer","filename":"python_importer.py","lineno":244,"error_detail":[{"exc_type":"IndentationError","exc_value":"unindent does not match any outer indentation level (meteo_etl.py, line 78)","exc_notes":[],"syntax_error":{"offset":41,"filename":"/opt/airflow/dags/meteo_etl.py","line":"        df=pd.read_csv(\"bronze/raw.csv\")\n","lineno":78,"msg":"unindent does not match any outer indentation level"},"is_cause":false,"frames":[{"filename":"/home/airflow/.local/lib/python3.13/site-packages/airflow/dag_processing/importers/python_importer.py","lineno":238,"name":"parse"},{"filename":"<frozen importlib._bootstrap_external>","lineno":1019,"name":"exec_module"},{"filename":"<frozen importlib._bootstrap_external>","lineno":1157,"name":"get_code"},{"filename":"<frozen importlib._bootstrap_external>","lineno":1087,"name":"source_to_code"},{"filename":"<frozen importlib._bootstrap>","lineno":488,"name":"_call_with_frames_removed"}],"is_group":false,"exceptions":[]}]}
{"timestamp":"2026-09-18T14:06:17.526269Z","level":"error","event":"Error loading DAG from meteo_etl.py: unindent does not match any outer indentation level (meteo_etl.py, line 78)","logger":"airflow.dag_processing.dagbag.BundleDagBag","filename":"dagbag.py","lineno":319}
{"timestamp":"2026-09-18T14:06:22.078199Z","level":"info","event":"Filling up the DagBag from /opt/airflow/dags/meteo_etl.py","logger":"airflow.dag_processing.dagbag.BundleDagBag","filename":"dagbag.py","lineno":460}
{"timestamp":"2026-09-18T14:06:22.098638Z","level":"error","event":"Failed to import: /opt/airflow/dags/meteo_etl.py","logger":"airflow.dag_processing.importers.python_importer","filename":"python_importer.py","lineno":244,"error_detail":[{"exc_type":"IndentationError","exc_value":"unexpected indent (meteo_etl.py, line 224)","exc_notes":[],"syntax_error":{"offset":16,"filename":"/opt/airflow/dags/meteo_etl.py","line":"                doublan()\n","lineno":224,"msg":"unexpected indent"},"is_cause":false,"frames":[{"filename":"/home/airflow/.local/lib/python3.13/site-packages/airflow/dag_processing/importers/python_importer.py","lineno":238,"name":"parse"},{"filename":"<frozen importlib._bootstrap_external>","lineno":1019,"name":"exec_module"},{"filename":"<frozen importlib._bootstrap_external>","lineno":1157,"name":"get_code"},{"filename":"<frozen importlib._bootstrap_external>","lineno":1087,"name":"source_to_code"},{"filename":"<frozen importlib._bootstrap>","lineno":488,"name":"_call_with_frames_removed"}],"is_group":false,"exceptions":[]}]}
{"timestamp":"2026-09-18T14:06:22.099491Z","level":"error","event":"Error loading DAG from meteo_etl.py: unexpected indent (meteo_etl.py, line 224)","logger":"airflow.dag_processing.dagbag.BundleDagBag","filename":"dagbag.py","lineno":319}
{"timestamp":"2026-09-18T14:06:23.290891Z","level":"info","event":"Filling up the DagBag from /opt/airflow/dags/meteo_etl.py","logger":"airflow.dag_processing.dagbag.BundleDagBag","filename":"dagbag.py","lineno":460}
{"timestamp":"2026-09-18T14:06:23.377137Z","level":"error","event":"Failed to import: /opt/airflow/dags/meteo_etl.py","logger":"airflow.dag_processing.importers.python_importer","filename":"python_importer.py","lineno":244,"error_detail":[{"exc_type":"IndentationError","exc_value":"unexpected indent (meteo_etl.py, line 223)","exc_notes":[],"syntax_error":{"offset":16,"filename":"/opt/airflow/dags/meteo_etl.py","line":"                doublan()\n","lineno":223,"msg":"unexpected indent"},"is_cause":false,"frames":[{"filename":"/home/airflow/.local/lib/python3.13/site-packages/airflow/dag_processing/importers/python_importer.py","lineno":238,"name":"parse"},{"filename":"<frozen importlib._bootstrap_external>","lineno":1019,"name":"exec_module"},{"filename":"<frozen importlib._bootstrap_external>","lineno":1157,"name":"get_code"},{"filename":"<frozen importlib._bootstrap_external>","lineno":1087,"name":"source_to_code"},{"filename":"<frozen importlib._bootstrap>","lineno":488,"name":"_call_with_frames_removed"}],"is_group":false,"exceptions":[]}]}
{"timestamp":"2026-09-18T14:06:23.379231Z","level":"error","event":"Error loading DAG from meteo_etl.py: unexpected indent (meteo_etl.py, line 223)","logger":"airflow.dag_processing.dagbag.BundleDagBag","filename":"dagbag.py","lineno":319}
{"timestamp":"2026-09-18T14:06:54.256456Z","level":"info","event":"Filling up the DagBag from /opt/airflow/dags/meteo_etl.py","logger":"airflow.dag_processing.dagbag.BundleDagBag","filename":"dagbag.py","lineno":460}
{"timestamp":"2026-09-18T14:06:54.277588Z","level":"error","event":"Failed to import: /opt/airflow/dags/meteo_etl.py","logger":"airflow.dag_processing.importers.python_importer","filename":"python_importer.py","lineno":244,"error_detail":[{"exc_type":"IndentationError","exc_value":"unexpected indent (meteo_etl.py, line 223)","exc_notes":[],"syntax_error":{"offset":16,"filename":"/opt/airflow/dags/meteo_etl.py","line":"                doublan()\n","lineno":223,"msg":"unexpected indent"},"is_cause":false,"frames":[{"filename":"/home/airflow/.local/lib/python3.13/site-packages/airflow/dag_processing/importers/python_importer.py","lineno":238,"name":"parse"},{"filename":"<frozen importlib._bootstrap_external>","lineno":1019,"name":"exec_module"},{"filename":"<frozen importlib._bootstrap_external>","lineno":1157,"name":"get_code"},{"filename":"<frozen importlib._bootstrap_external>","lineno":1087,"name":"source_to_code"},{"filename":"<frozen importlib._bootstrap>","lineno":488,"name":"_call_with_frames_removed"}],"is_group":false,"exceptions":[]}]}
{"timestamp":"2026-09-18T14:06:54.281742Z","level":"error","event":"Error loading DAG from meteo_etl.py: unexpected indent (meteo_etl.py, line 223)","logger":"airflow.dag_processing.dagbag.BundleDagBag","filename":"dagbag.py","lineno":319}
{"timestamp":"2026-09-18T14:07:25.142174Z","level":"info","event":"Filling up the DagBag from /opt/airflow/dags/meteo_etl.py","logger":"airflow.dag_processing.dagbag.BundleDagBag","filename":"dagbag.py","lineno":460}
{"timestamp":"2026-09-18T14:07:25.168869Z","level":"error","event":"Failed to import: /opt/airflow/dags/meteo_etl.py","logger":"airflow.dag_processing.importers.python_importer","filename":"python_importer.py","lineno":244,"error_detail":[{"exc_type":"IndentationError","exc_value":"unexpected indent (meteo_etl.py, line 223)","exc_notes":[],"syntax_error":{"offset":16,"filename":"/opt/airflow/dags/meteo_etl.py","line":"                doublan()\n","lineno":223,"msg":"unexpected indent"},"is_cause":false,"frames":[{"filename":"/home/airflow/.local/lib/python3.13/site-packages/airflow/dag_processing/importers/python_importer.py","lineno":238,"name":"parse"},{"filename":"<frozen importlib._bootstrap_external>","lineno":1019,"name":"exec_module"},{"filename":"<frozen importlib._bootstrap_external>","lineno":1157,"name":"get_code"},{"filename":"<frozen importlib._bootstrap_external>","lineno":1087,"name":"source_to_code"},{"filename":"<frozen importlib._bootstrap>","lineno":488,"name":"_call_with_frames_removed"}],"is_group":false,"exceptions":[]}]}
{"timestamp":"2026-09-18T14:07:25.169892Z","level":"error","event":"Error loading DAG from meteo_etl.py: unexpected indent (meteo_etl.py, line 223)","logger":"airflow.dag_processing.dagbag.BundleDagBag","filename":"dagbag.py","lineno":319}
{"timestamp":"2026-09-18T14:07:55.334333Z","level":"info","event":"Filling up the DagBag from /opt/airflow/dags/meteo_etl.py","logger":"airflow.dag_processing.dagbag.BundleDagBag","filename":"dagbag.py","lineno":460}
{"timestamp":"2026-09-18T14:07:55.357525Z","level":"error","event":"Failed to import: /opt/airflow/dags/meteo_etl.py","logger":"airflow.dag_processing.importers.python_importer","filename":"python_importer.py","lineno":244,"error_detail":[{"exc_type":"IndentationError","exc_value":"unexpected indent (meteo_etl.py, line 223)","exc_notes":[],"syntax_error":{"offset":16,"filename":"/opt/airflow/dags/meteo_etl.py","line":"                doublan()\n","lineno":223,"msg":"unexpected indent"},"is_cause":false,"frames":[{"filename":"/home/airflow/.local/lib/python3.13/site-packages/airflow/dag_processing/importers/python_importer.py","lineno":238,"name":"parse"},{"filename":"<frozen importlib._bootstrap_external>","lineno":1019,"name":"exec_module"},{"filename":"<frozen importlib._bootstrap_external>","lineno":1157,"name":"get_code"},{"filename":"<frozen importlib._bootstrap_external>","lineno":1087,"name":"source_to_code"},{"filename":"<frozen importlib._bootstrap>","lineno":488,"name":"_call_with_frames_removed"}],"is_group":false,"exceptions":[]}]}
{"timestamp":"2026-09-18T14:07:55.358484Z","level":"error","event":"Error loading DAG from meteo_etl.py: unexpected indent (meteo_etl.py, line 223)","logger":"airflow.dag_processing.dagbag.BundleDagBag","filename":"dagbag.py","lineno":319}
{"timestamp":"2026-09-18T14:08:25.588514Z","level":"info","event":"Filling up the DagBag from /opt/airflow/dags/meteo_etl.py","logger":"airflow.dag_processing.dagbag.BundleDagBag","filename":"dagbag.py","lineno":460}
{"timestamp":"2026-09-18T14:08:25.608395Z","level":"error","event":"Failed to import: /opt/airflow/dags/meteo_etl.py","logger":"airflow.dag_processing.importers.python_importer","filename":"python_importer.py","lineno":244,"error_detail":[{"exc_type":"IndentationError","exc_value":"unexpected indent (meteo_etl.py, line 223)","exc_notes":[],"syntax_error":{"offset":16,"filename":"/opt/airflow/dags/meteo_etl.py","line":"                doublan()\n","lineno":223,"msg":"unexpected indent"},"is_cause":false,"frames":[{"filename":"/home/airflow/.local/lib/python3.13/site-packages/airflow/dag_processing/importers/python_importer.py","lineno":238,"name":"parse"},{"filename":"<frozen importlib._bootstrap_external>","lineno":1019,"name":"exec_module"},{"filename":"<frozen importlib._bootstrap_external>","lineno":1157,"name":"get_code"},{"filename":"<frozen importlib._bootstrap_external>","lineno":1087,"name":"source_to_code"},{"filename":"<frozen importlib._bootstrap>","lineno":488,"name":"_call_with_frames_removed"}],"is_group":false,"exceptions":[]}]}
{"timestamp":"2026-09-18T14:08:25.609424Z","level":"error","event":"Error loading DAG from meteo_etl.py: unexpected indent (meteo_etl.py, line 223)","logger":"airflow.dag_processing.dagbag.BundleDagBag","filename":"dagbag.py","lineno":319}
{"timestamp":"2026-09-18T14:08:56.296549Z","level":"info","event":"Filling up the DagBag from /opt/airflow/dags/meteo_etl.py","logger":"airflow.dag_processing.dagbag.BundleDagBag","filename":"dagbag.py","lineno":460}
{"timestamp":"2026-09-18T14:08:56.313023Z","level":"error","event":"Failed to import: /opt/airflow/dags/meteo_etl.py","logger":"airflow.dag_processing.importers.python_importer","filename":"python_importer.py","lineno":244,"error_detail":[{"exc_type":"IndentationError","exc_value":"unexpected indent (meteo_etl.py, line 223)","exc_notes":[],"syntax_error":{"offset":16,"filename":"/opt/airflow/dags/meteo_etl.py","line":"                doublan()\n","lineno":223,"msg":"unexpected indent"},"is_cause":false,"frames":[{"filename":"/home/airflow/.local/lib/python3.13/site-packages/airflow/dag_processing/importers/python_importer.py","lineno":238,"name":"parse"},{"filename":"<frozen importlib._bootstrap_external>","lineno":1019,"name":"exec_module"},{"filename":"<frozen importlib._bootstrap_external>","lineno":1157,"name":"get_code"},{"filename":"<frozen importlib._bootstrap_external>","lineno":1087,"name":"source_to_code"},{"filename":"<frozen importlib._bootstrap>","lineno":488,"name":"_call_with_frames_removed"}],"is_group":false,"exceptions":[]}]}
{"timestamp":"2026-09-18T14:08:56.313908Z","level":"error","event":"Error loading DAG from meteo_etl.py: unexpected indent (meteo_etl.py, line 223)","logger":"airflow.dag_processing.dagbag.BundleDagBag","filename":"dagbag.py","lineno":319}
{"timestamp":"2026-09-18T14:09:26.783661Z","level":"info","event":"Filling up the DagBag from /opt/airflow/dags/meteo_etl.py","logger":"airflow.dag_processing.dagbag.BundleDagBag","filename":"dagbag.py","lineno":460}
{"timestamp":"2026-09-18T14:09:26.802011Z","level":"error","event":"Failed to import: /opt/airflow/dags/meteo_etl.py","logger":"airflow.dag_processing.importers.python_importer","filename":"python_importer.py","lineno":244,"error_detail":[{"exc_type":"IndentationError","exc_value":"unexpected indent (meteo_etl.py, line 223)","exc_notes":[],"syntax_error":{"offset":16,"filename":"/opt/airflow/dags/meteo_etl.py","line":"                doublan()\n","lineno":223,"msg":"unexpected indent"},"is_cause":false,"frames":[{"filename":"/home/airflow/.local/lib/python3.13/site-packages/airflow/dag_processing/importers/python_importer.py","lineno":238,"name":"parse"},{"filename":"<frozen importlib._bootstrap_external>","lineno":1019,"name":"exec_module"},{"filename":"<frozen importlib._bootstrap_external>","lineno":1157,"name":"get_code"},{"filename":"<frozen importlib._bootstrap_external>","lineno":1087,"name":"source_to_code"},{"filename":"<frozen importlib._bootstrap>","lineno":488,"name":"_call_with_frames_removed"}],"is_group":false,"exceptions":[]}]}
{"timestamp":"2026-09-18T14:09:26.803169Z","level":"error","event":"Error loading DAG from meteo_etl.py: unexpected indent (meteo_etl.py, line 223)","logger":"airflow.dag_processing.dagbag.BundleDagBag","filename":"dagbag.py","lineno":319}
{"timestamp":"2026-09-18T14:09:57.621895Z","level":"info","event":"Filling up the DagBag from /opt/airflow/dags/meteo_etl.py","logger":"airflow.dag_processing.dagbag.BundleDagBag","filename":"dagbag.py","lineno":460}
{"timestamp":"2026-09-18T14:09:57.638820Z","level":"error","event":"Failed to import: /opt/airflow/dags/meteo_etl.py","logger":"airflow.dag_processing.importers.python_importer","filename":"python_importer.py","lineno":244,"error_detail":[{"exc_type":"IndentationError","exc_value":"unexpected indent (meteo_etl.py, line 223)","exc_notes":[],"syntax_error":{"offset":16,"filename":"/opt/airflow/dags/meteo_etl.py","line":"                doublan()\n","lineno":223,"msg":"unexpected indent"},"is_cause":false,"frames":[{"filename":"/home/airflow/.local/lib/python3.13/site-packages/airflow/dag_processing/importers/python_importer.py","lineno":238,"name":"parse"},{"filename":"<frozen importlib._bootstrap_external>","lineno":1019,"name":"exec_module"},{"filename":"<frozen importlib._bootstrap_external>","lineno":1157,"name":"get_code"},{"filename":"<frozen importlib._bootstrap_external>","lineno":1087,"name":"source_to_code"},{"filename":"<frozen importlib._bootstrap>","lineno":488,"name":"_call_with_frames_removed"}],"is_group":false,"exceptions":[]}]}
{"timestamp":"2026-09-18T14:09:57.639703Z","level":"error","event":"Error loading DAG from meteo_etl.py: unexpected indent (meteo_etl.py, line 223)","logger":"airflow.dag_processing.dagbag.BundleDagBag","filename":"dagbag.py","lineno":319}
{"timestamp":"2026-09-18T14:10:28.308998Z","level":"info","event":"Filling up the DagBag from /opt/airflow/dags/meteo_etl.py","logger":"airflow.dag_processing.dagbag.BundleDagBag","filename":"dagbag.py","lineno":460}
{"timestamp":"2026-09-18T14:10:28.324826Z","level":"error","event":"Failed to import: /opt/airflow/dags/meteo_etl.py","logger":"airflow.dag_processing.importers.python_importer","filename":"python_importer.py","lineno":244,"error_detail":[{"exc_type":"IndentationError","exc_value":"unexpected indent (meteo_etl.py, line 223)","exc_notes":[],"syntax_error":{"offset":16,"filename":"/opt/airflow/dags/meteo_etl.py","line":"                doublan()\n","lineno":223,"msg":"unexpected indent"},"is_cause":false,"frames":[{"filename":"/home/airflow/.local/lib/python3.13/site-packages/airflow/dag_processing/importers/python_importer.py","lineno":238,"name":"parse"},{"filename":"<frozen importlib._bootstrap_external>","lineno":1019,"name":"exec_module"},{"filename":"<frozen importlib._bootstrap_external>","lineno":1157,"name":"get_code"},{"filename":"<frozen importlib._bootstrap_external>","lineno":1087,"name":"source_to_code"},{"filename":"<frozen importlib._bootstrap>","lineno":488,"name":"_call_with_frames_removed"}],"is_group":false,"exceptions":[]}]}
{"timestamp":"2026-09-18T14:10:28.325756Z","level":"error","event":"Error loading DAG from meteo_etl.py: unexpected indent (meteo_etl.py, line 223)","logger":"airflow.dag_processing.dagbag.BundleDagBag","filename":"dagbag.py","lineno":319}
{"timestamp":"2026-09-18T14:10:58.578247Z","level":"info","event":"Filling up the DagBag from /opt/airflow/dags/meteo_etl.py","logger":"airflow.dag_processing.dagbag.BundleDagBag","filename":"dagbag.py","lineno":460}
{"timestamp":"2026-09-18T14:10:58.605552Z","level":"error","event":"Failed to import: /opt/airflow/dags/meteo_etl.py","logger":"airflow.dag_processing.importers.python_importer","filename":"python_importer.py","lineno":244,"error_detail":[{"exc_type":"IndentationError","exc_value":"unexpected indent (meteo_etl.py, line 223)","exc_notes":[],"syntax_error":{"offset":16,"filename":"/opt/airflow/dags/meteo_etl.py","line":"                doublan()\n","lineno":223,"msg":"unexpected indent"},"is_cause":false,"frames":[{"filename":"/home/airflow/.local/lib/python3.13/site-packages/airflow/dag_processing/importers/python_importer.py","lineno":238,"name":"parse"},{"filename":"<frozen importlib._bootstrap_external>","lineno":1019,"name":"exec_module"},{"filename":"<frozen importlib._bootstrap_external>","lineno":1157,"name":"get_code"},{"filename":"<frozen importlib._bootstrap_external>","lineno":1087,"name":"source_to_code"},{"filename":"<frozen importlib._bootstrap>","lineno":488,"name":"_call_with_frames_removed"}],"is_group":false,"exceptions":[]}]}
{"timestamp":"2026-09-18T14:10:58.607241Z","level":"error","event":"Error loading DAG from meteo_etl.py: unexpected indent (meteo_etl.py, line 223)","logger":"airflow.dag_processing.dagbag.BundleDagBag","filename":"dagbag.py","lineno":319}
{"timestamp":"2026-09-18T14:11:08.688892Z","level":"info","event":"Filling up the DagBag from /opt/airflow/dags/meteo_etl.py","logger":"airflow.dag_processing.dagbag.BundleDagBag","filename":"dagbag.py","lineno":460}
{"timestamp":"2026-09-18T14:11:08.709273Z","level":"error","event":"Failed to import: /opt/airflow/dags/meteo_etl.py","logger":"airflow.dag_processing.importers.python_importer","filename":"python_importer.py","lineno":244,"error_detail":[{"exc_type":"IndentationError","exc_value":"unexpected indent (meteo_etl.py, line 222)","exc_notes":[],"syntax_error":{"offset":16,"filename":"/opt/airflow/dags/meteo_etl.py","line":"                doublan()\n","lineno":222,"msg":"unexpected indent"},"is_cause":false,"frames":[{"filename":"/home/airflow/.local/lib/python3.13/site-packages/airflow/dag_processing/importers/python_importer.py","lineno":238,"name":"parse"},{"filename":"<frozen importlib._bootstrap_external>","lineno":1019,"name":"exec_module"},{"filename":"<frozen importlib._bootstrap_external>","lineno":1157,"name":"get_code"},{"filename":"<frozen importlib._bootstrap_external>","lineno":1087,"name":"source_to_code"},{"filename":"<frozen importlib._bootstrap>","lineno":488,"name":"_call_with_frames_removed"}],"is_group":false,"exceptions":[]}]}
{"timestamp":"2026-09-18T14:11:08.710984Z","level":"error","event":"Error loading DAG from meteo_etl.py: unexpected indent (meteo_etl.py, line 222)","logger":"airflow.dag_processing.dagbag.BundleDagBag","filename":"dagbag.py","lineno":319}
{"timestamp":"2026-09-18T14:11:39.125936Z","level":"info","event":"Filling up the DagBag from /opt/airflow/dags/meteo_etl.py","logger":"airflow.dag_processing.dagbag.BundleDagBag","filename":"dagbag.py","lineno":460}
{"timestamp":"2026-09-18T14:11:39.142617Z","level":"error","event":"Failed to import: /opt/airflow/dags/meteo_etl.py","logger":"airflow.dag_processing.importers.python_importer","filename":"python_importer.py","lineno":244,"error_detail":[{"exc_type":"IndentationError","exc_value":"unexpected indent (meteo_etl.py, line 222)","exc_notes":[],"syntax_error":{"offset":16,"filename":"/opt/airflow/dags/meteo_etl.py","line":"                doublan()\n","lineno":222,"msg":"unexpected indent"},"is_cause":false,"frames":[{"filename":"/home/airflow/.local/lib/python3.13/site-packages/airflow/dag_processing/importers/python_importer.py","lineno":238,"name":"parse"},{"filename":"<frozen importlib._bootstrap_external>","lineno":1019,"name":"exec_module"},{"filename":"<frozen importlib._bootstrap_external>","lineno":1157,"name":"get_code"},{"filename":"<frozen importlib._bootstrap_external>","lineno":1087,"name":"source_to_code"},{"filename":"<frozen importlib._bootstrap>","lineno":488,"name":"_call_with_frames_removed"}],"is_group":false,"exceptions":[]}]}
{"timestamp":"2026-09-18T14:11:39.143527Z","level":"error","event":"Error loading DAG from meteo_etl.py: unexpected indent (meteo_etl.py, line 222)","logger":"airflow.dag_processing.dagbag.BundleDagBag","filename":"dagbag.py","lineno":319}
{"timestamp":"2026-09-18T14:11:52.742277Z","level":"info","event":"Filling up the DagBag from /opt/airflow/dags/meteo_etl.py","logger":"airflow.dag_processing.dagbag.BundleDagBag","filename":"dagbag.py","lineno":460}
{"timestamp":"2026-09-18T14:11:52.762733Z","level":"error","event":"Failed to import: /opt/airflow/dags/meteo_etl.py","logger":"airflow.dag_processing.importers.python_importer","filename":"python_importer.py","lineno":244,"error_detail":[{"exc_type":"IndentationError","exc_value":"unexpected indent (meteo_etl.py, line 222)","exc_notes":[],"syntax_error":{"offset":16,"filename":"/opt/airflow/dags/meteo_etl.py","line":"                doublan()\n","lineno":222,"msg":"unexpected indent"},"is_cause":false,"frames":[{"filename":"/home/airflow/.local/lib/python3.13/site-packages/airflow/dag_processing/importers/python_importer.py","lineno":238,"name":"parse"},{"filename":"<frozen importlib._bootstrap_external>","lineno":1019,"name":"exec_module"},{"filename":"<frozen importlib._bootstrap_external>","lineno":1157,"name":"get_code"},{"filename":"<frozen importlib._bootstrap_external>","lineno":1087,"name":"source_to_code"},{"filename":"<frozen importlib._bootstrap>","lineno":488,"name":"_call_with_frames_removed"}],"is_group":false,"exceptions":[]}]}
{"timestamp":"2026-09-18T14:11:52.763709Z","level":"error","event":"Error loading DAG from meteo_etl.py: unexpected indent (meteo_etl.py, line 222)","logger":"airflow.dag_processing.dagbag.BundleDagBag","filename":"dagbag.py","lineno":319}
{"timestamp":"2026-09-18T14:12:07.661468Z","level":"info","event":"Filling up the DagBag from /opt/airflow/dags/meteo_etl.py","logger":"airflow.dag_processing.dagbag.BundleDagBag","filename":"dagbag.py","lineno":460}
{"timestamp":"2026-09-18T14:12:07.679808Z","level":"error","event":"Failed to import: /opt/airflow/dags/meteo_etl.py","logger":"airflow.dag_processing.importers.python_importer","filename":"python_importer.py","lineno":244,"error_detail":[{"exc_type":"IndentationError","exc_value":"unexpected indent (meteo_etl.py, line 222)","exc_notes":[],"syntax_error":{"offset":16,"filename":"/opt/airflow/dags/meteo_etl.py","line":"                doublan()\n","lineno":222,"msg":"unexpected indent"},"is_cause":false,"frames":[{"filename":"/home/airflow/.local/lib/python3.13/site-packages/airflow/dag_processing/importers/python_importer.py","lineno":238,"name":"parse"},{"filename":"<frozen importlib._bootstrap_external>","lineno":1019,"name":"exec_module"},{"filename":"<frozen importlib._bootstrap_external>","lineno":1157,"name":"get_code"},{"filename":"<frozen importlib._bootstrap_external>","lineno":1087,"name":"source_to_code"},{"filename":"<frozen importlib._bootstrap>","lineno":488,"name":"_call_with_frames_removed"}],"is_group":false,"exceptions":[]}]}
{"timestamp":"2026-09-18T14:12:07.680923Z","level":"error","event":"Error loading DAG from meteo_etl.py: unexpected indent (meteo_etl.py, line 222)","logger":"airflow.dag_processing.dagbag.BundleDagBag","filename":"dagbag.py","lineno":319}
{"timestamp":"2026-09-18T14:12:10.924047Z","level":"info","event":"Filling up the DagBag from /opt/airflow/dags/meteo_etl.py","logger":"airflow.dag_processing.dagbag.BundleDagBag","filename":"dagbag.py","lineno":460}
{"timestamp":"2026-09-18T14:12:10.977679Z","level":"error","event":"Failed to import: /opt/airflow/dags/meteo_etl.py","logger":"airflow.dag_processing.importers.python_importer","filename":"python_importer.py","lineno":244,"error_detail":[{"exc_type":"IndentationError","exc_value":"unexpected indent (meteo_etl.py, line 223)","exc_notes":[],"syntax_error":{"offset":16,"filename":"/opt/airflow/dags/meteo_etl.py","line":"                doublan()\n","lineno":223,"msg":"unexpected indent"},"is_cause":false,"frames":[{"filename":"/home/airflow/.local/lib/python3.13/site-packages/airflow/dag_processing/importers/python_importer.py","lineno":238,"name":"parse"},{"filename":"<frozen importlib._bootstrap_external>","lineno":1019,"name":"exec_module"},{"filename":"<frozen importlib._bootstrap_external>","lineno":1157,"name":"get_code"},{"filename":"<frozen importlib._bootstrap_external>","lineno":1087,"name":"source_to_code"},{"filename":"<frozen importlib._bootstrap>","lineno":488,"name":"_call_with_frames_removed"}],"is_group":false,"exceptions":[]}]}
{"timestamp":"2026-09-18T14:12:10.979437Z","level":"error","event":"Error loading DAG from meteo_etl.py: unexpected indent (meteo_etl.py, line 223)","logger":"airflow.dag_processing.dagbag.BundleDagBag","filename":"dagbag.py","lineno":319}
{"timestamp":"2026-09-18T14:12:12.153566Z","level":"info","event":"Filling up the DagBag from /opt/airflow/dags/meteo_etl.py","logger":"airflow.dag_processing.dagbag.BundleDagBag","filename":"dagbag.py","lineno":460}
{"timestamp":"2026-09-18T14:12:12.170907Z","level":"error","event":"Failed to import: /opt/airflow/dags/meteo_etl.py","logger":"airflow.dag_processing.importers.python_importer","filename":"python_importer.py","lineno":244,"error_detail":[{"exc_type":"IndentationError","exc_value":"unexpected indent (meteo_etl.py, line 222)","exc_notes":[],"syntax_error":{"offset":16,"filename":"/opt/airflow/dags/meteo_etl.py","line":"                doublan()\n","lineno":222,"msg":"unexpected indent"},"is_cause":false,"frames":[{"filename":"/home/airflow/.local/lib/python3.13/site-packages/airflow/dag_processing/importers/python_importer.py","lineno":238,"name":"parse"},{"filename":"<frozen importlib._bootstrap_external>","lineno":1019,"name":"exec_module"},{"filename":"<frozen importlib._bootstrap_external>","lineno":1157,"name":"get_code"},{"filename":"<frozen importlib._bootstrap_external>","lineno":1087,"name":"source_to_code"},{"filename":"<frozen importlib._bootstrap>","lineno":488,"name":"_call_with_frames_removed"}],"is_group":false,"exceptions":[]}]}
{"timestamp":"2026-09-18T14:12:12.171818Z","level":"error","event":"Error loading DAG from meteo_etl.py: unexpected indent (meteo_etl.py, line 222)","logger":"airflow.dag_processing.dagbag.BundleDagBag","filename":"dagbag.py","lineno":319}
{"timestamp":"2026-09-18T14:12:14.346731Z","level":"info","event":"Filling up the DagBag from /opt/airflow/dags/meteo_etl.py","logger":"airflow.dag_processing.dagbag.BundleDagBag","filename":"dagbag.py","lineno":460}
{"timestamp":"2026-09-18T14:12:14.364924Z","level":"error","event":"Failed to import: /opt/airflow/dags/meteo_etl.py","logger":"airflow.dag_processing.importers.python_importer","filename":"python_importer.py","lineno":244,"error_detail":[{"exc_type":"IndentationError","exc_value":"unexpected indent (meteo_etl.py, line 223)","exc_notes":[],"syntax_error":{"offset":16,"filename":"/opt/airflow/dags/meteo_etl.py","line":"                doublan()\n","lineno":223,"msg":"unexpected indent"},"is_cause":false,"frames":[{"filename":"/home/airflow/.local/lib/python3.13/site-packages/airflow/dag_processing/importers/python_importer.py","lineno":238,"name":"parse"},{"filename":"<frozen importlib._bootstrap_external>","lineno":1019,"name":"exec_module"},{"filename":"<frozen importlib._bootstrap_external>","lineno":1157,"name":"get_code"},{"filename":"<frozen importlib._bootstrap_external>","lineno":1087,"name":"source_to_code"},{"filename":"<frozen importlib._bootstrap>","lineno":488,"name":"_call_with_frames_removed"}],"is_group":false,"exceptions":[]}]}
{"timestamp":"2026-09-18T14:12:14.365827Z","level":"error","event":"Error loading DAG from meteo_etl.py: unexpected indent (meteo_etl.py, line 223)","logger":"airflow.dag_processing.dagbag.BundleDagBag","filename":"dagbag.py","lineno":319}
{"timestamp":"2026-09-18T14:12:16.416154Z","level":"info","event":"Filling up the DagBag from /opt/airflow/dags/meteo_etl.py","logger":"airflow.dag_processing.dagbag.BundleDagBag","filename":"dagbag.py","lineno":460}
{"timestamp":"2026-09-18T14:12:16.439865Z","level":"error","event":"Failed to import: /opt/airflow/dags/meteo_etl.py","logger":"airflow.dag_processing.importers.python_importer","filename":"python_importer.py","lineno":244,"error_detail":[{"exc_type":"IndentationError","exc_value":"unexpected indent (meteo_etl.py, line 223)","exc_notes":[],"syntax_error":{"offset":16,"filename":"/opt/airflow/dags/meteo_etl.py","line":"                doublan()\n","lineno":223,"msg":"unexpected indent"},"is_cause":false,"frames":[{"filename":"/home/airflow/.local/lib/python3.13/site-packages/airflow/dag_processing/importers/python_importer.py","lineno":238,"name":"parse"},{"filename":"<frozen importlib._bootstrap_external>","lineno":1019,"name":"exec_module"},{"filename":"<frozen importlib._bootstrap_external>","lineno":1157,"name":"get_code"},{"filename":"<frozen importlib._bootstrap_external>","lineno":1087,"name":"source_to_code"},{"filename":"<frozen importlib._bootstrap>","lineno":488,"name":"_call_with_frames_removed"}],"is_group":false,"exceptions":[]}]}
{"timestamp":"2026-09-18T14:12:16.442260Z","level":"error","event":"Error loading DAG from meteo_etl.py: unexpected indent (meteo_etl.py, line 223)","logger":"airflow.dag_processing.dagbag.BundleDagBag","filename":"dagbag.py","lineno":319}
{"timestamp":"2026-09-18T14:12:35.818408Z","level":"info","event":"Filling up the DagBag from /opt/airflow/dags/meteo_etl.py","logger":"airflow.dag_processing.dagbag.BundleDagBag","filename":"dagbag.py","lineno":460}
{"timestamp":"2026-09-18T14:12:35.853750Z","level":"error","event":"Failed to import: /opt/airflow/dags/meteo_etl.py","logger":"airflow.dag_processing.importers.python_importer","filename":"python_importer.py","lineno":244,"error_detail":[{"exc_type":"IndentationError","exc_value":"unexpected indent (meteo_etl.py, line 224)","exc_notes":[],"syntax_error":{"offset":16,"filename":"/opt/airflow/dags/meteo_etl.py","line":"                incoherance()\n","lineno":224,"msg":"unexpected indent"},"is_cause":false,"frames":[{"filename":"/home/airflow/.local/lib/python3.13/site-packages/airflow/dag_processing/importers/python_importer.py","lineno":238,"name":"parse"},{"filename":"<frozen importlib._bootstrap_external>","lineno":1019,"name":"exec_module"},{"filename":"<frozen importlib._bootstrap_external>","lineno":1157,"name":"get_code"},{"filename":"<frozen importlib._bootstrap_external>","lineno":1087,"name":"source_to_code"},{"filename":"<frozen importlib._bootstrap>","lineno":488,"name":"_call_with_frames_removed"}],"is_group":false,"exceptions":[]}]}
{"timestamp":"2026-09-18T14:12:35.854781Z","level":"error","event":"Error loading DAG from meteo_etl.py: unexpected indent (meteo_etl.py, line 224)","logger":"airflow.dag_processing.dagbag.BundleDagBag","filename":"dagbag.py","lineno":319}
{"timestamp":"2026-09-18T14:12:36.988384Z","level":"info","event":"Filling up the DagBag from /opt/airflow/dags/meteo_etl.py","logger":"airflow.dag_processing.dagbag.BundleDagBag","filename":"dagbag.py","lineno":460}
{"timestamp":"2026-09-18T14:12:37.018530Z","level":"error","event":"Failed to import: /opt/airflow/dags/meteo_etl.py","logger":"airflow.dag_processing.importers.python_importer","filename":"python_importer.py","lineno":244,"error_detail":[{"exc_type":"IndentationError","exc_value":"unexpected indent (meteo_etl.py, line 225)","exc_notes":[],"syntax_error":{"offset":16,"filename":"/opt/airflow/dags/meteo_etl.py","line":"                standerize()\n","lineno":225,"msg":"unexpected indent"},"is_cause":false,"frames":[{"filename":"/home/airflow/.local/lib/python3.13/site-packages/airflow/dag_processing/importers/python_importer.py","lineno":238,"name":"parse"},{"filename":"<frozen importlib._bootstrap_external>","lineno":1019,"name":"exec_module"},{"filename":"<frozen importlib._bootstrap_external>","lineno":1157,"name":"get_code"},{"filename":"<frozen importlib._bootstrap_external>","lineno":1087,"name":"source_to_code"},{"filename":"<frozen importlib._bootstrap>","lineno":488,"name":"_call_with_frames_removed"}],"is_group":false,"exceptions":[]}]}
{"timestamp":"2026-09-18T14:12:37.020592Z","level":"error","event":"Error loading DAG from meteo_etl.py: unexpected indent (meteo_etl.py, line 225)","logger":"airflow.dag_processing.dagbag.BundleDagBag","filename":"dagbag.py","lineno":319}
{"timestamp":"2026-09-18T14:12:39.150339Z","level":"info","event":"Filling up the DagBag from /opt/airflow/dags/meteo_etl.py","logger":"airflow.dag_processing.dagbag.BundleDagBag","filename":"dagbag.py","lineno":460}
{"timestamp":"2026-09-18T14:12:39.169820Z","level":"error","event":"Failed to import: /opt/airflow/dags/meteo_etl.py","logger":"airflow.dag_processing.importers.python_importer","filename":"python_importer.py","lineno":244,"error_detail":[{"exc_type":"IndentationError","exc_value":"unexpected indent (meteo_etl.py, line 226)","exc_notes":[],"syntax_error":{"offset":16,"filename":"/opt/airflow/dags/meteo_etl.py","line":"                join_cities()\n","lineno":226,"msg":"unexpected indent"},"is_cause":false,"frames":[{"filename":"/home/airflow/.local/lib/python3.13/site-packages/airflow/dag_processing/importers/python_importer.py","lineno":238,"name":"parse"},{"filename":"<frozen importlib._bootstrap_external>","lineno":1019,"name":"exec_module"},{"filename":"<frozen importlib._bootstrap_external>","lineno":1157,"name":"get_code"},{"filename":"<frozen importlib._bootstrap_external>","lineno":1087,"name":"source_to_code"},{"filename":"<frozen importlib._bootstrap>","lineno":488,"name":"_call_with_frames_removed"}],"is_group":false,"exceptions":[]}]}
{"timestamp":"2026-09-18T14:12:39.170790Z","level":"error","event":"Error loading DAG from meteo_etl.py: unexpected indent (meteo_etl.py, line 226)","logger":"airflow.dag_processing.dagbag.BundleDagBag","filename":"dagbag.py","lineno":319}
{"timestamp":"2026-09-18T14:12:41.374493Z","level":"info","event":"Filling up the DagBag from /opt/airflow/dags/meteo_etl.py","logger":"airflow.dag_processing.dagbag.BundleDagBag","filename":"dagbag.py","lineno":460}
{"timestamp":"2026-09-18T14:12:41.392415Z","level":"error","event":"Failed to import: /opt/airflow/dags/meteo_etl.py","logger":"airflow.dag_processing.importers.python_importer","filename":"python_importer.py","lineno":244,"error_detail":[{"exc_type":"IndentationError","exc_value":"unexpected indent (meteo_etl.py, line 227)","exc_notes":[],"syntax_error":{"offset":16,"filename":"/opt/airflow/dags/meteo_etl.py","line":"                categories()\n","lineno":227,"msg":"unexpected indent"},"is_cause":false,"frames":[{"filename":"/home/airflow/.local/lib/python3.13/site-packages/airflow/dag_processing/importers/python_importer.py","lineno":238,"name":"parse"},{"filename":"<frozen importlib._bootstrap_external>","lineno":1019,"name":"exec_module"},{"filename":"<frozen importlib._bootstrap_external>","lineno":1157,"name":"get_code"},{"filename":"<frozen importlib._bootstrap_external>","lineno":1087,"name":"source_to_code"},{"filename":"<frozen importlib._bootstrap>","lineno":488,"name":"_call_with_frames_removed"}],"is_group":false,"exceptions":[]}]}
{"timestamp":"2026-09-18T14:12:41.393665Z","level":"error","event":"Error loading DAG from meteo_etl.py: unexpected indent (meteo_etl.py, line 227)","logger":"airflow.dag_processing.dagbag.BundleDagBag","filename":"dagbag.py","lineno":319}
{"timestamp":"2026-09-18T14:12:43.155265Z","level":"info","event":"Filling up the DagBag from /opt/airflow/dags/meteo_etl.py","logger":"airflow.dag_processing.dagbag.BundleDagBag","filename":"dagbag.py","lineno":460}
{"timestamp":"2026-09-18T14:12:43.173288Z","level":"error","event":"Failed to import: /opt/airflow/dags/meteo_etl.py","logger":"airflow.dag_processing.importers.python_importer","filename":"python_importer.py","lineno":244,"error_detail":[{"exc_type":"IndentationError","exc_value":"unexpected indent (meteo_etl.py, line 228)","exc_notes":[],"syntax_error":{"offset":16,"filename":"/opt/airflow/dags/meteo_etl.py","line":"                risk()\n","lineno":228,"msg":"unexpected indent"},"is_cause":false,"frames":[{"filename":"/home/airflow/.local/lib/python3.13/site-packages/airflow/dag_processing/importers/python_importer.py","lineno":238,"name":"parse"},{"filename":"<frozen importlib._bootstrap_external>","lineno":1019,"name":"exec_module"},{"filename":"<frozen importlib._bootstrap_external>","lineno":1157,"name":"get_code"},{"filename":"<frozen importlib._bootstrap_external>","lineno":1087,"name":"source_to_code"},{"filename":"<frozen importlib._bootstrap>","lineno":488,"name":"_call_with_frames_removed"}],"is_group":false,"exceptions":[]}]}
{"timestamp":"2026-09-18T14:12:43.174240Z","level":"error","event":"Error loading DAG from meteo_etl.py: unexpected indent (meteo_etl.py, line 228)","logger":"airflow.dag_processing.dagbag.BundleDagBag","filename":"dagbag.py","lineno":319}
{"timestamp":"2026-09-18T14:12:45.465104Z","level":"info","event":"Filling up the DagBag from /opt/airflow/dags/meteo_etl.py","logger":"airflow.dag_processing.dagbag.BundleDagBag","filename":"dagbag.py","lineno":460}
{"timestamp":"2026-09-18T14:12:45.498384Z","level":"error","event":"Failed to import: /opt/airflow/dags/meteo_etl.py","logger":"airflow.dag_processing.importers.python_importer","filename":"python_importer.py","lineno":244,"error_detail":[{"exc_type":"NameError","exc_value":"name 'bronze' is not defined","exc_notes":[],"syntax_error":null,"is_cause":false,"frames":[{"filename":"/home/airflow/.local/lib/python3.13/site-packages/airflow/dag_processing/importers/python_importer.py","lineno":238,"name":"parse"},{"filename":"<frozen importlib._bootstrap_external>","lineno":1023,"name":"exec_module"},{"filename":"<frozen importlib._bootstrap>","lineno":488,"name":"_call_with_frames_removed"},{"filename":"/opt/airflow/dags/meteo_etl.py","lineno":261,"name":"<module>"},{"filename":"/home/airflow/.local/lib/python3.13/site-packages/airflow/sdk/definitions/dag.py","lineno":1696,"name":"factory"},{"filename":"/opt/airflow/dags/meteo_etl.py","lineno":249,"name":"meteo_etl"}],"is_group":false,"exceptions":[]}]}
{"timestamp":"2026-09-18T14:12:45.504157Z","level":"error","event":"Error loading DAG from meteo_etl.py: name 'bronze' is not defined","logger":"airflow.dag_processing.dagbag.BundleDagBag","filename":"dagbag.py","lineno":319}
{"timestamp":"2026-09-18T14:13:08.200762Z","level":"info","event":"Filling up the DagBag from /opt/airflow/dags/meteo_etl.py","logger":"airflow.dag_processing.dagbag.BundleDagBag","filename":"dagbag.py","lineno":460}
{"timestamp":"2026-09-18T14:13:08.231871Z","level":"error","event":"Failed to import: /opt/airflow/dags/meteo_etl.py","logger":"airflow.dag_processing.importers.python_importer","filename":"python_importer.py","lineno":244,"error_detail":[{"exc_type":"NameError","exc_value":"name 'bronze' is not defined","exc_notes":[],"syntax_error":null,"is_cause":false,"frames":[{"filename":"/home/airflow/.local/lib/python3.13/site-packages/airflow/dag_processing/importers/python_importer.py","lineno":238,"name":"parse"},{"filename":"<frozen importlib._bootstrap_external>","lineno":1023,"name":"exec_module"},{"filename":"<frozen importlib._bootstrap>","lineno":488,"name":"_call_with_frames_removed"},{"filename":"/opt/airflow/dags/meteo_etl.py","lineno":254,"name":"<module>"},{"filename":"/home/airflow/.local/lib/python3.13/site-packages/airflow/sdk/definitions/dag.py","lineno":1696,"name":"factory"},{"filename":"/opt/airflow/dags/meteo_etl.py","lineno":242,"name":"meteo_etl"}],"is_group":false,"exceptions":[]}]}
{"timestamp":"2026-09-18T14:13:08.236222Z","level":"error","event":"Error loading DAG from meteo_etl.py: name 'bronze' is not defined","logger":"airflow.dag_processing.dagbag.BundleDagBag","filename":"dagbag.py","lineno":319}
{"timestamp":"2026-09-18T14:13:12.639435Z","level":"info","event":"Filling up the DagBag from /opt/airflow/dags/meteo_etl.py","logger":"airflow.dag_processing.dagbag.BundleDagBag","filename":"dagbag.py","lineno":460}
{"timestamp":"2026-09-18T14:13:12.665836Z","level":"error","event":"Failed to import: /opt/airflow/dags/meteo_etl.py","logger":"airflow.dag_processing.importers.python_importer","filename":"python_importer.py","lineno":244,"error_detail":[{"exc_type":"NameError","exc_value":"name 'bronze' is not defined","exc_notes":[],"syntax_error":null,"is_cause":false,"frames":[{"filename":"/home/airflow/.local/lib/python3.13/site-packages/airflow/dag_processing/importers/python_importer.py","lineno":238,"name":"parse"},{"filename":"<frozen importlib._bootstrap_external>","lineno":1023,"name":"exec_module"},{"filename":"<frozen importlib._bootstrap>","lineno":488,"name":"_call_with_frames_removed"},{"filename":"/opt/airflow/dags/meteo_etl.py","lineno":250,"name":"<module>"},{"filename":"/home/airflow/.local/lib/python3.13/site-packages/airflow/sdk/definitions/dag.py","lineno":1696,"name":"factory"},{"filename":"/opt/airflow/dags/meteo_etl.py","lineno":238,"name":"meteo_etl"}],"is_group":false,"exceptions":[]}]}
{"timestamp":"2026-09-18T14:13:12.670424Z","level":"error","event":"Error loading DAG from meteo_etl.py: name 'bronze' is not defined","logger":"airflow.dag_processing.dagbag.BundleDagBag","filename":"dagbag.py","lineno":319}
{"timestamp":"2026-09-18T14:13:26.577204Z","level":"info","event":"Filling up the DagBag from /opt/airflow/dags/meteo_etl.py","logger":"airflow.dag_processing.dagbag.BundleDagBag","filename":"dagbag.py","lineno":460}
{"timestamp":"2026-09-18T14:13:26.605961Z","level":"error","event":"Failed to import: /opt/airflow/dags/meteo_etl.py","logger":"airflow.dag_processing.importers.python_importer","filename":"python_importer.py","lineno":244,"error_detail":[{"exc_type":"NameError","exc_value":"name 'bronze' is not defined","exc_notes":[],"syntax_error":null,"is_cause":false,"frames":[{"filename":"/home/airflow/.local/lib/python3.13/site-packages/airflow/dag_processing/importers/python_importer.py","lineno":238,"name":"parse"},{"filename":"<frozen importlib._bootstrap_external>","lineno":1023,"name":"exec_module"},{"filename":"<frozen importlib._bootstrap>","lineno":488,"name":"_call_with_frames_removed"},{"filename":"/opt/airflow/dags/meteo_etl.py","lineno":250,"name":"<module>"},{"filename":"/home/airflow/.local/lib/python3.13/site-packages/airflow/sdk/definitions/dag.py","lineno":1696,"name":"factory"},{"filename":"/opt/airflow/dags/meteo_etl.py","lineno":238,"name":"meteo_etl"}],"is_group":false,"exceptions":[]}]}
{"timestamp":"2026-09-18T14:13:26.609899Z","level":"error","event":"Error loading DAG from meteo_etl.py: name 'bronze' is not defined","logger":"airflow.dag_processing.dagbag.BundleDagBag","filename":"dagbag.py","lineno":319}
{"timestamp":"2026-09-18T14:13:57.200581Z","level":"info","event":"Filling up the DagBag from /opt/airflow/dags/meteo_etl.py","logger":"airflow.dag_processing.dagbag.BundleDagBag","filename":"dagbag.py","lineno":460}
{"timestamp":"2026-09-18T14:13:57.223755Z","level":"error","event":"Failed to import: /opt/airflow/dags/meteo_etl.py","logger":"airflow.dag_processing.importers.python_importer","filename":"python_importer.py","lineno":244,"error_detail":[{"exc_type":"NameError","exc_value":"name 'bronze' is not defined","exc_notes":[],"syntax_error":null,"is_cause":false,"frames":[{"filename":"/home/airflow/.local/lib/python3.13/site-packages/airflow/dag_processing/importers/python_importer.py","lineno":238,"name":"parse"},{"filename":"<frozen importlib._bootstrap_external>","lineno":1023,"name":"exec_module"},{"filename":"<frozen importlib._bootstrap>","lineno":488,"name":"_call_with_frames_removed"},{"filename":"/opt/airflow/dags/meteo_etl.py","lineno":250,"name":"<module>"},{"filename":"/home/airflow/.local/lib/python3.13/site-packages/airflow/sdk/definitions/dag.py","lineno":1696,"name":"factory"},{"filename":"/opt/airflow/dags/meteo_etl.py","lineno":238,"name":"meteo_etl"}],"is_group":false,"exceptions":[]}]}
{"timestamp":"2026-09-18T14:13:57.231258Z","level":"error","event":"Error loading DAG from meteo_etl.py: name 'bronze' is not defined","logger":"airflow.dag_processing.dagbag.BundleDagBag","filename":"dagbag.py","lineno":319}
{"timestamp":"2026-09-18T14:14:05.806914Z","level":"info","event":"Filling up the DagBag from /opt/airflow/dags/meteo_etl.py","logger":"airflow.dag_processing.dagbag.BundleDagBag","filename":"dagbag.py","lineno":460}
{"timestamp":"2026-09-18T14:14:05.833314Z","level":"error","event":"Failed to import: /opt/airflow/dags/meteo_etl.py","logger":"airflow.dag_processing.importers.python_importer","filename":"python_importer.py","lineno":244,"error_detail":[{"exc_type":"NameError","exc_value":"name 'trans' is not defined","exc_notes":[],"syntax_error":null,"is_cause":false,"frames":[{"filename":"/home/airflow/.local/lib/python3.13/site-packages/airflow/dag_processing/importers/python_importer.py","lineno":238,"name":"parse"},{"filename":"<frozen importlib._bootstrap_external>","lineno":1023,"name":"exec_module"},{"filename":"<frozen importlib._bootstrap>","lineno":488,"name":"_call_with_frames_removed"},{"filename":"/opt/airflow/dags/meteo_etl.py","lineno":245,"name":"<module>"},{"filename":"/home/airflow/.local/lib/python3.13/site-packages/airflow/sdk/definitions/dag.py","lineno":1696,"name":"factory"},{"filename":"/opt/airflow/dags/meteo_etl.py","lineno":237,"name":"meteo_etl"}],"is_group":false,"exceptions":[]}]}
{"timestamp":"2026-09-18T14:14:05.837398Z","level":"error","event":"Error loading DAG from meteo_etl.py: name 'trans' is not defined","logger":"airflow.dag_processing.dagbag.BundleDagBag","filename":"dagbag.py","lineno":319}
{"timestamp":"2026-09-18T14:14:07.108556Z","level":"info","event":"Filling up the DagBag from /opt/airflow/dags/meteo_etl.py","logger":"airflow.dag_processing.dagbag.BundleDagBag","filename":"dagbag.py","lineno":460}
{"timestamp":"2026-09-18T14:14:07.160667Z","level":"error","event":"Failed to import: /opt/airflow/dags/meteo_etl.py","logger":"airflow.dag_processing.importers.python_importer","filename":"python_importer.py","lineno":244,"error_detail":[{"exc_type":"NameError","exc_value":"name 'bronze_task' is not defined","exc_notes":[],"syntax_error":null,"is_cause":false,"frames":[{"filename":"/home/airflow/.local/lib/python3.13/site-packages/airflow/dag_processing/importers/python_importer.py","lineno":238,"name":"parse"},{"filename":"<frozen importlib._bootstrap_external>","lineno":1023,"name":"exec_module"},{"filename":"<frozen importlib._bootstrap>","lineno":488,"name":"_call_with_frames_removed"},{"filename":"/opt/airflow/dags/meteo_etl.py","lineno":245,"name":"<module>"},{"filename":"/home/airflow/.local/lib/python3.13/site-packages/airflow/sdk/definitions/dag.py","lineno":1696,"name":"factory"},{"filename":"/opt/airflow/dags/meteo_etl.py","lineno":242,"name":"meteo_etl"}],"is_group":false,"exceptions":[]}]}
{"timestamp":"2026-09-18T14:14:07.166012Z","level":"error","event":"Error loading DAG from meteo_etl.py: name 'bronze_task' is not defined","logger":"airflow.dag_processing.dagbag.BundleDagBag","filename":"dagbag.py","lineno":319}
{"timestamp":"2026-09-18T14:14:08.257185Z","level":"info","event":"Filling up the DagBag from /opt/airflow/dags/meteo_etl.py","logger":"airflow.dag_processing.dagbag.BundleDagBag","filename":"dagbag.py","lineno":460}
{"timestamp":"2026-09-18T14:14:08.315359Z","level":"error","event":"Failed to import: /opt/airflow/dags/meteo_etl.py","logger":"airflow.dag_processing.importers.python_importer","filename":"python_importer.py","lineno":244,"error_detail":[{"exc_type":"SyntaxError","exc_value":"invalid syntax (meteo_etl.py, line 237)","exc_notes":[],"syntax_error":{"offset":15,"filename":"/opt/airflow/dags/meteo_etl.py","line":"    transform=\n","lineno":237,"msg":"invalid syntax"},"is_cause":false,"frames":[{"filename":"/home/airflow/.local/lib/python3.13/site-packages/airflow/dag_processing/importers/python_importer.py","lineno":238,"name":"parse"},{"filename":"<frozen importlib._bootstrap_external>","lineno":1019,"name":"exec_module"},{"filename":"<frozen importlib._bootstrap_external>","lineno":1157,"name":"get_code"},{"filename":"<frozen importlib._bootstrap_external>","lineno":1087,"name":"source_to_code"},{"filename":"<frozen importlib._bootstrap>","lineno":488,"name":"_call_with_frames_removed"}],"is_group":false,"exceptions":[]}]}
{"timestamp":"2026-09-18T14:14:08.316407Z","level":"error","event":"Error loading DAG from meteo_etl.py: invalid syntax (meteo_etl.py, line 237)","logger":"airflow.dag_processing.dagbag.BundleDagBag","filename":"dagbag.py","lineno":319}
{"timestamp":"2026-09-18T14:14:10.461672Z","level":"info","event":"Filling up the DagBag from /opt/airflow/dags/meteo_etl.py","logger":"airflow.dag_processing.dagbag.BundleDagBag","filename":"dagbag.py","lineno":460}
{"timestamp":"2026-09-18T14:14:10.488072Z","level":"error","event":"Failed to import: /opt/airflow/dags/meteo_etl.py","logger":"airflow.dag_processing.importers.python_importer","filename":"python_importer.py","lineno":244,"error_detail":[{"exc_type":"NameError","exc_value":"name 'transform_' is not defined","exc_notes":[],"syntax_error":null,"is_cause":false,"frames":[{"filename":"/home/airflow/.local/lib/python3.13/site-packages/airflow/dag_processing/importers/python_importer.py","lineno":238,"name":"parse"},{"filename":"<frozen importlib._bootstrap_external>","lineno":1023,"name":"exec_module"},{"filename":"<frozen importlib._bootstrap>","lineno":488,"name":"_call_with_frames_removed"},{"filename":"/opt/airflow/dags/meteo_etl.py","lineno":245,"name":"<module>"},{"filename":"/home/airflow/.local/lib/python3.13/site-packages/airflow/sdk/definitions/dag.py","lineno":1696,"name":"factory"},{"filename":"/opt/airflow/dags/meteo_etl.py","lineno":237,"name":"meteo_etl"}],"is_group":false,"exceptions":[]}]}
{"timestamp":"2026-09-18T14:14:10.492353Z","level":"error","event":"Error loading DAG from meteo_etl.py: name 'transform_' is not defined","logger":"airflow.dag_processing.dagbag.BundleDagBag","filename":"dagbag.py","lineno":319}
{"timestamp":"2026-09-18T14:14:16.077344Z","level":"info","event":"Filling up the DagBag from /opt/airflow/dags/meteo_etl.py","logger":"airflow.dag_processing.dagbag.BundleDagBag","filename":"dagbag.py","lineno":460}
{"timestamp":"2026-09-18T14:14:16.107798Z","level":"error","event":"Failed to import: /opt/airflow/dags/meteo_etl.py","logger":"airflow.dag_processing.importers.python_importer","filename":"python_importer.py","lineno":244,"error_detail":[{"exc_type":"NameError","exc_value":"name 'bronze_task' is not defined","exc_notes":[],"syntax_error":null,"is_cause":false,"frames":[{"filename":"/home/airflow/.local/lib/python3.13/site-packages/airflow/dag_processing/importers/python_importer.py","lineno":238,"name":"parse"},{"filename":"<frozen importlib._bootstrap_external>","lineno":1023,"name":"exec_module"},{"filename":"<frozen importlib._bootstrap>","lineno":488,"name":"_call_with_frames_removed"},{"filename":"/opt/airflow/dags/meteo_etl.py","lineno":245,"name":"<module>"},{"filename":"/home/airflow/.local/lib/python3.13/site-packages/airflow/sdk/definitions/dag.py","lineno":1696,"name":"factory"},{"filename":"/opt/airflow/dags/meteo_etl.py","lineno":242,"name":"meteo_etl"}],"is_group":false,"exceptions":[]}]}
{"timestamp":"2026-09-18T14:14:16.112972Z","level":"error","event":"Error loading DAG from meteo_etl.py: name 'bronze_task' is not defined","logger":"airflow.dag_processing.dagbag.BundleDagBag","filename":"dagbag.py","lineno":319}
{"timestamp":"2026-09-18T14:14:19.623770Z","level":"info","event":"Filling up the DagBag from /opt/airflow/dags/meteo_etl.py","logger":"airflow.dag_processing.dagbag.BundleDagBag","filename":"dagbag.py","lineno":460}
{"timestamp":"2026-09-18T14:14:19.658339Z","level":"error","event":"Failed to import: /opt/airflow/dags/meteo_etl.py","logger":"airflow.dag_processing.importers.python_importer","filename":"python_importer.py","lineno":244,"error_detail":[{"exc_type":"NameError","exc_value":"name 'bronze_task' is not defined","exc_notes":[],"syntax_error":null,"is_cause":false,"frames":[{"filename":"/home/airflow/.local/lib/python3.13/site-packages/airflow/dag_processing/importers/python_importer.py","lineno":238,"name":"parse"},{"filename":"<frozen importlib._bootstrap_external>","lineno":1023,"name":"exec_module"},{"filename":"<frozen importlib._bootstrap>","lineno":488,"name":"_call_with_frames_removed"},{"filename":"/opt/airflow/dags/meteo_etl.py","lineno":244,"name":"<module>"},{"filename":"/home/airflow/.local/lib/python3.13/site-packages/airflow/sdk/definitions/dag.py","lineno":1696,"name":"factory"},{"filename":"/opt/airflow/dags/meteo_etl.py","lineno":241,"name":"meteo_etl"}],"is_group":false,"exceptions":[]}]}
{"timestamp":"2026-09-18T14:14:19.664114Z","level":"error","event":"Error loading DAG from meteo_etl.py: name 'bronze_task' is not defined","logger":"airflow.dag_processing.dagbag.BundleDagBag","filename":"dagbag.py","lineno":319}
{"timestamp":"2026-09-18T14:14:34.207122Z","level":"info","event":"Filling up the DagBag from /opt/airflow/dags/meteo_etl.py","logger":"airflow.dag_processing.dagbag.BundleDagBag","filename":"dagbag.py","lineno":460}
{"timestamp":"2026-09-18T14:14:34.348711Z","level":"error","event":"Failed to import: /opt/airflow/dags/meteo_etl.py","logger":"airflow.dag_processing.importers.python_importer","filename":"python_importer.py","lineno":244,"error_detail":[{"exc_type":"NameError","exc_value":"name 'bronze_task' is not defined","exc_notes":[],"syntax_error":null,"is_cause":false,"frames":[{"filename":"/home/airflow/.local/lib/python3.13/site-packages/airflow/dag_processing/importers/python_importer.py","lineno":238,"name":"parse"},{"filename":"<frozen importlib._bootstrap_external>","lineno":1023,"name":"exec_module"},{"filename":"<frozen importlib._bootstrap>","lineno":488,"name":"_call_with_frames_removed"},{"filename":"/opt/airflow/dags/meteo_etl.py","lineno":244,"name":"<module>"},{"filename":"/home/airflow/.local/lib/python3.13/site-packages/airflow/sdk/definitions/dag.py","lineno":1696,"name":"factory"},{"filename":"/opt/airflow/dags/meteo_etl.py","lineno":241,"name":"meteo_etl"}],"is_group":false,"exceptions":[]}]}
{"timestamp":"2026-09-18T14:14:34.356840Z","level":"error","event":"Error loading DAG from meteo_etl.py: name 'bronze_task' is not defined","logger":"airflow.dag_processing.dagbag.BundleDagBag","filename":"dagbag.py","lineno":319}
{"timestamp":"2026-09-18T14:14:40.715444Z","level":"info","event":"Filling up the DagBag from /opt/airflow/dags/meteo_etl.py","logger":"airflow.dag_processing.dagbag.BundleDagBag","filename":"dagbag.py","lineno":460}
{"timestamp":"2026-09-18T14:14:40.754912Z","level":"error","event":"Failed to import: /opt/airflow/dags/meteo_etl.py","logger":"airflow.dag_processing.importers.python_importer","filename":"python_importer.py","lineno":244,"error_detail":[{"exc_type":"SyntaxError","exc_value":"invalid syntax (meteo_etl.py, line 241)","exc_notes":[],"syntax_error":{"offset":22,"filename":"/opt/airflow/dags/meteo_etl.py","line":"    extract_task >>  >> postgres_task\n","lineno":241,"msg":"invalid syntax"},"is_cause":false,"frames":[{"filename":"/home/airflow/.local/lib/python3.13/site-packages/airflow/dag_processing/importers/python_importer.py","lineno":238,"name":"parse"},{"filename":"<frozen importlib._bootstrap_external>","lineno":1019,"name":"exec_module"},{"filename":"<frozen importlib._bootstrap_external>","lineno":1157,"name":"get_code"},{"filename":"<frozen importlib._bootstrap_external>","lineno":1087,"name":"source_to_code"},{"filename":"<frozen importlib._bootstrap>","lineno":488,"name":"_call_with_frames_removed"}],"is_group":false,"exceptions":[]}]}
{"timestamp":"2026-09-18T14:14:40.756072Z","level":"error","event":"Error loading DAG from meteo_etl.py: invalid syntax (meteo_etl.py, line 241)","logger":"airflow.dag_processing.dagbag.BundleDagBag","filename":"dagbag.py","lineno":319}
{"timestamp":"2026-09-18T14:14:43.313236Z","level":"info","event":"Filling up the DagBag from /opt/airflow/dags/meteo_etl.py","logger":"airflow.dag_processing.dagbag.BundleDagBag","filename":"dagbag.py","lineno":460}
{"timestamp":"2026-09-18T14:14:43.378828Z","level":"error","event":"Failed to import: /opt/airflow/dags/meteo_etl.py","logger":"airflow.dag_processing.importers.python_importer","filename":"python_importer.py","lineno":244,"error_detail":[{"exc_type":"NameError","exc_value":"name 'trans' is not defined","exc_notes":[],"syntax_error":null,"is_cause":false,"frames":[{"filename":"/home/airflow/.local/lib/python3.13/site-packages/airflow/dag_processing/importers/python_importer.py","lineno":238,"name":"parse"},{"filename":"<frozen importlib._bootstrap_external>","lineno":1023,"name":"exec_module"},{"filename":"<frozen importlib._bootstrap>","lineno":488,"name":"_call_with_frames_removed"},{"filename":"/opt/airflow/dags/meteo_etl.py","lineno":244,"name":"<module>"},{"filename":"/home/airflow/.local/lib/python3.13/site-packages/airflow/sdk/definitions/dag.py","lineno":1696,"name":"factory"},{"filename":"/opt/airflow/dags/meteo_etl.py","lineno":241,"name":"meteo_etl"}],"is_group":false,"exceptions":[]}]}
{"timestamp":"2026-09-18T14:14:43.383675Z","level":"error","event":"Error loading DAG from meteo_etl.py: name 'trans' is not defined","logger":"airflow.dag_processing.dagbag.BundleDagBag","filename":"dagbag.py","lineno":319}
{"timestamp":"2026-09-18T14:14:44.604854Z","level":"info","event":"Filling up the DagBag from /opt/airflow/dags/meteo_etl.py","logger":"airflow.dag_processing.dagbag.BundleDagBag","filename":"dagbag.py","lineno":460}
{"timestamp":"2026-09-18T14:14:44.657053Z","level":"error","event":"Failed to import: /opt/airflow/dags/meteo_etl.py","logger":"airflow.dag_processing.importers.python_importer","filename":"python_importer.py","lineno":244,"error_detail":[{"exc_type":"NameError","exc_value":"name 'postgres_task' is not defined","exc_notes":[],"syntax_error":null,"is_cause":false,"frames":[{"filename":"/home/airflow/.local/lib/python3.13/site-packages/airflow/dag_processing/importers/python_importer.py","lineno":238,"name":"parse"},{"filename":"<frozen importlib._bootstrap_external>","lineno":1023,"name":"exec_module"},{"filename":"<frozen importlib._bootstrap>","lineno":488,"name":"_call_with_frames_removed"},{"filename":"/opt/airflow/dags/meteo_etl.py","lineno":244,"name":"<module>"},{"filename":"/home/airflow/.local/lib/python3.13/site-packages/airflow/sdk/definitions/dag.py","lineno":1696,"name":"factory"},{"filename":"/opt/airflow/dags/meteo_etl.py","lineno":241,"name":"meteo_etl"}],"is_group":false,"exceptions":[]}]}
{"timestamp":"2026-09-18T14:14:44.663914Z","level":"error","event":"Error loading DAG from meteo_etl.py: name 'postgres_task' is not defined","logger":"airflow.dag_processing.dagbag.BundleDagBag","filename":"dagbag.py","lineno":319}
{"timestamp":"2026-09-18T14:14:48.405406Z","level":"info","event":"Filling up the DagBag from /opt/airflow/dags/meteo_etl.py","logger":"airflow.dag_processing.dagbag.BundleDagBag","filename":"dagbag.py","lineno":460}
{"timestamp":"2026-09-18T14:14:48.451033Z","level":"error","event":"Failed to import: /opt/airflow/dags/meteo_etl.py","logger":"airflow.dag_processing.importers.python_importer","filename":"python_importer.py","lineno":244,"error_detail":[{"exc_type":"SyntaxError","exc_value":"invalid syntax (meteo_etl.py, line 241)","exc_notes":[],"syntax_error":{"offset":39,"filename":"/opt/airflow/dags/meteo_etl.py","line":"    extract_task >> transform_task >> \n","lineno":241,"msg":"invalid syntax"},"is_cause":false,"frames":[{"filename":"/home/airflow/.local/lib/python3.13/site-packages/airflow/dag_processing/importers/python_importer.py","lineno":238,"name":"parse"},{"filename":"<frozen importlib._bootstrap_external>","lineno":1019,"name":"exec_module"},{"filename":"<frozen importlib._bootstrap_external>","lineno":1157,"name":"get_code"},{"filename":"<frozen importlib._bootstrap_external>","lineno":1087,"name":"source_to_code"},{"filename":"<frozen importlib._bootstrap>","lineno":488,"name":"_call_with_frames_removed"}],"is_group":false,"exceptions":[]}]}
{"timestamp":"2026-09-18T14:14:48.452184Z","level":"error","event":"Error loading DAG from meteo_etl.py: invalid syntax (meteo_etl.py, line 241)","logger":"airflow.dag_processing.dagbag.BundleDagBag","filename":"dagbag.py","lineno":319}
{"timestamp":"2026-09-18T14:14:51.800798Z","level":"info","event":"Filling up the DagBag from /opt/airflow/dags/meteo_etl.py","logger":"airflow.dag_processing.dagbag.BundleDagBag","filename":"dagbag.py","lineno":460}
{"timestamp":"2026-09-18T14:15:22.018999Z","level":"info","event":"Filling up the DagBag from /opt/airflow/dags/meteo_etl.py","logger":"airflow.dag_processing.dagbag.BundleDagBag","filename":"dagbag.py","lineno":460}
{"timestamp":"2026-09-18T14:15:52.696576Z","level":"info","event":"Filling up the DagBag from /opt/airflow/dags/meteo_etl.py","logger":"airflow.dag_processing.dagbag.BundleDagBag","filename":"dagbag.py","lineno":460}
{"timestamp":"2026-09-18T14:16:23.299793Z","level":"info","event":"Filling up the DagBag from /opt/airflow/dags/meteo_etl.py","logger":"airflow.dag_processing.dagbag.BundleDagBag","filename":"dagbag.py","lineno":460}
{"timestamp":"2026-09-18T14:16:54.387579Z","level":"info","event":"Filling up the DagBag from /opt/airflow/dags/meteo_etl.py","logger":"airflow.dag_processing.dagbag.BundleDagBag","filename":"dagbag.py","lineno":460}
{"timestamp":"2026-09-18T14:17:25.174125Z","level":"info","event":"Filling up the DagBag from /opt/airflow/dags/meteo_etl.py","logger":"airflow.dag_processing.dagbag.BundleDagBag","filename":"dagbag.py","lineno":460}
{"timestamp":"2026-09-18T14:17:25.192385Z","level":"error","event":"Failed to import: /opt/airflow/dags/meteo_etl.py","logger":"airflow.dag_processing.importers.python_importer","filename":"python_importer.py","lineno":244,"error_detail":[{"exc_type":"IndentationError","exc_value":"expected an indented block after function definition on line 232 (meteo_etl.py, line 236)","exc_notes":[],"syntax_error":{"offset":5,"filename":"/opt/airflow/dags/meteo_etl.py","line":"    extract_task = extract()\n","lineno":236,"msg":"expected an indented block after function definition on line 232"},"is_cause":false,"frames":[{"filename":"/home/airflow/.local/lib/python3.13/site-packages/airflow/dag_processing/importers/python_importer.py","lineno":238,"name":"parse"},{"filename":"<frozen importlib._bootstrap_external>","lineno":1019,"name":"exec_module"},{"filename":"<frozen importlib._bootstrap_external>","lineno":1157,"name":"get_code"},{"filename":"<frozen importlib._bootstrap_external>","lineno":1087,"name":"source_to_code"},{"filename":"<frozen importlib._bootstrap>","lineno":488,"name":"_call_with_frames_removed"}],"is_group":false,"exceptions":[]}]}
{"timestamp":"2026-09-18T14:17:25.193437Z","level":"error","event":"Error loading DAG from meteo_etl.py: expected an indented block after function definition on line 232 (meteo_etl.py, line 236)","logger":"airflow.dag_processing.dagbag.BundleDagBag","filename":"dagbag.py","lineno":319}
{"timestamp":"2026-09-18T14:17:55.994368Z","level":"info","event":"Filling up the DagBag from /opt/airflow/dags/meteo_etl.py","logger":"airflow.dag_processing.dagbag.BundleDagBag","filename":"dagbag.py","lineno":460}
{"timestamp":"2026-09-18T14:17:56.022929Z","level":"error","event":"Failed to import: /opt/airflow/dags/meteo_etl.py","logger":"airflow.dag_processing.importers.python_importer","filename":"python_importer.py","lineno":244,"error_detail":[{"exc_type":"IndentationError","exc_value":"expected an indented block after function definition on line 232 (meteo_etl.py, line 236)","exc_notes":[],"syntax_error":{"offset":5,"filename":"/opt/airflow/dags/meteo_etl.py","line":"    extract_task = extract()\n","lineno":236,"msg":"expected an indented block after function definition on line 232"},"is_cause":false,"frames":[{"filename":"/home/airflow/.local/lib/python3.13/site-packages/airflow/dag_processing/importers/python_importer.py","lineno":238,"name":"parse"},{"filename":"<frozen importlib._bootstrap_external>","lineno":1019,"name":"exec_module"},{"filename":"<frozen importlib._bootstrap_external>","lineno":1157,"name":"get_code"},{"filename":"<frozen importlib._bootstrap_external>","lineno":1087,"name":"source_to_code"},{"filename":"<frozen importlib._bootstrap>","lineno":488,"name":"_call_with_frames_removed"}],"is_group":false,"exceptions":[]}]}
{"timestamp":"2026-09-18T14:17:56.023828Z","level":"error","event":"Error loading DAG from meteo_etl.py: expected an indented block after function definition on line 232 (meteo_etl.py, line 236)","logger":"airflow.dag_processing.dagbag.BundleDagBag","filename":"dagbag.py","lineno":319}
{"timestamp":"2026-09-18T14:18:05.740345Z","level":"info","event":"Filling up the DagBag from /opt/airflow/dags/meteo_etl.py","logger":"airflow.dag_processing.dagbag.BundleDagBag","filename":"dagbag.py","lineno":460}
{"timestamp":"2026-09-18T14:18:05.780816Z","level":"error","event":"Failed to import: /opt/airflow/dags/meteo_etl.py","logger":"airflow.dag_processing.importers.python_importer","filename":"python_importer.py","lineno":244,"error_detail":[{"exc_type":"IndentationError","exc_value":"expected an indented block after function definition on line 233 (meteo_etl.py, line 237)","exc_notes":[],"syntax_error":{"offset":5,"filename":"/opt/airflow/dags/meteo_etl.py","line":"    extract_task = extract()\n","lineno":237,"msg":"expected an indented block after function definition on line 233"},"is_cause":false,"frames":[{"filename":"/home/airflow/.local/lib/python3.13/site-packages/airflow/dag_processing/importers/python_importer.py","lineno":238,"name":"parse"},{"filename":"<frozen importlib._bootstrap_external>","lineno":1019,"name":"exec_module"},{"filename":"<frozen importlib._bootstrap_external>","lineno":1157,"name":"get_code"},{"filename":"<frozen importlib._bootstrap_external>","lineno":1087,"name":"source_to_code"},{"filename":"<frozen importlib._bootstrap>","lineno":488,"name":"_call_with_frames_removed"}],"is_group":false,"exceptions":[]}]}
{"timestamp":"2026-09-18T14:18:05.781826Z","level":"error","event":"Error loading DAG from meteo_etl.py: expected an indented block after function definition on line 233 (meteo_etl.py, line 237)","logger":"airflow.dag_processing.dagbag.BundleDagBag","filename":"dagbag.py","lineno":319}
{"timestamp":"2026-09-18T14:18:06.879195Z","level":"info","event":"Filling up the DagBag from /opt/airflow/dags/meteo_etl.py","logger":"airflow.dag_processing.dagbag.BundleDagBag","filename":"dagbag.py","lineno":460}
{"timestamp":"2026-09-18T14:18:06.900984Z","level":"error","event":"Failed to import: /opt/airflow/dags/meteo_etl.py","logger":"airflow.dag_processing.importers.python_importer","filename":"python_importer.py","lineno":244,"error_detail":[{"exc_type":"IndentationError","exc_value":"expected an indented block after function definition on line 233 (meteo_etl.py, line 237)","exc_notes":[],"syntax_error":{"offset":5,"filename":"/opt/airflow/dags/meteo_etl.py","line":"    extract_task = extract()\n","lineno":237,"msg":"expected an indented block after function definition on line 233"},"is_cause":false,"frames":[{"filename":"/home/airflow/.local/lib/python3.13/site-packages/airflow/dag_processing/importers/python_importer.py","lineno":238,"name":"parse"},{"filename":"<frozen importlib._bootstrap_external>","lineno":1019,"name":"exec_module"},{"filename":"<frozen importlib._bootstrap_external>","lineno":1157,"name":"get_code"},{"filename":"<frozen importlib._bootstrap_external>","lineno":1087,"name":"source_to_code"},{"filename":"<frozen importlib._bootstrap>","lineno":488,"name":"_call_with_frames_removed"}],"is_group":false,"exceptions":[]}]}
{"timestamp":"2026-09-18T14:18:06.901960Z","level":"error","event":"Error loading DAG from meteo_etl.py: expected an indented block after function definition on line 233 (meteo_etl.py, line 237)","logger":"airflow.dag_processing.dagbag.BundleDagBag","filename":"dagbag.py","lineno":319}
{"timestamp":"2026-09-18T14:18:37.117854Z","level":"info","event":"Filling up the DagBag from /opt/airflow/dags/meteo_etl.py","logger":"airflow.dag_processing.dagbag.BundleDagBag","filename":"dagbag.py","lineno":460}
{"timestamp":"2026-09-18T14:18:37.152047Z","level":"error","event":"Failed to import: /opt/airflow/dags/meteo_etl.py","logger":"airflow.dag_processing.importers.python_importer","filename":"python_importer.py","lineno":244,"error_detail":[{"exc_type":"IndentationError","exc_value":"expected an indented block after function definition on line 233 (meteo_etl.py, line 237)","exc_notes":[],"syntax_error":{"offset":5,"filename":"/opt/airflow/dags/meteo_etl.py","line":"    extract_task = extract()\n","lineno":237,"msg":"expected an indented block after function definition on line 233"},"is_cause":false,"frames":[{"filename":"/home/airflow/.local/lib/python3.13/site-packages/airflow/dag_processing/importers/python_importer.py","lineno":238,"name":"parse"},{"filename":"<frozen importlib._bootstrap_external>","lineno":1019,"name":"exec_module"},{"filename":"<frozen importlib._bootstrap_external>","lineno":1157,"name":"get_code"},{"filename":"<frozen importlib._bootstrap_external>","lineno":1087,"name":"source_to_code"},{"filename":"<frozen importlib._bootstrap>","lineno":488,"name":"_call_with_frames_removed"}],"is_group":false,"exceptions":[]}]}
{"timestamp":"2026-09-18T14:18:37.153047Z","level":"error","event":"Error loading DAG from meteo_etl.py: expected an indented block after function definition on line 233 (meteo_etl.py, line 237)","logger":"airflow.dag_processing.dagbag.BundleDagBag","filename":"dagbag.py","lineno":319}
{"timestamp":"2026-09-18T14:18:38.481252Z","level":"info","event":"Filling up the DagBag from /opt/airflow/dags/meteo_etl.py","logger":"airflow.dag_processing.dagbag.BundleDagBag","filename":"dagbag.py","lineno":460}
{"timestamp":"2026-09-18T14:18:38.508792Z","level":"error","event":"Failed to import: /opt/airflow/dags/meteo_etl.py","logger":"airflow.dag_processing.importers.python_importer","filename":"python_importer.py","lineno":244,"error_detail":[{"exc_type":"IndentationError","exc_value":"expected an indented block after function definition on line 233 (meteo_etl.py, line 237)","exc_notes":[],"syntax_error":{"offset":5,"filename":"/opt/airflow/dags/meteo_etl.py","line":"    extract_task= extract()\n","lineno":237,"msg":"expected an indented block after function definition on line 233"},"is_cause":false,"frames":[{"filename":"/home/airflow/.local/lib/python3.13/site-packages/airflow/dag_processing/importers/python_importer.py","lineno":238,"name":"parse"},{"filename":"<frozen importlib._bootstrap_external>","lineno":1019,"name":"exec_module"},{"filename":"<frozen importlib._bootstrap_external>","lineno":1157,"name":"get_code"},{"filename":"<frozen importlib._bootstrap_external>","lineno":1087,"name":"source_to_code"},{"filename":"<frozen importlib._bootstrap>","lineno":488,"name":"_call_with_frames_removed"}],"is_group":false,"exceptions":[]}]}
{"timestamp":"2026-09-18T14:18:38.509683Z","level":"error","event":"Error loading DAG from meteo_etl.py: expected an indented block after function definition on line 233 (meteo_etl.py, line 237)","logger":"airflow.dag_processing.dagbag.BundleDagBag","filename":"dagbag.py","lineno":319}
{"timestamp":"2026-09-18T14:18:42.114839Z","level":"info","event":"Filling up the DagBag from /opt/airflow/dags/meteo_etl.py","logger":"airflow.dag_processing.dagbag.BundleDagBag","filename":"dagbag.py","lineno":460}
{"timestamp":"2026-09-18T14:18:42.140541Z","level":"error","event":"Failed to import: /opt/airflow/dags/meteo_etl.py","logger":"airflow.dag_processing.importers.python_importer","filename":"python_importer.py","lineno":244,"error_detail":[{"exc_type":"IndentationError","exc_value":"expected an indented block after function definition on line 233 (meteo_etl.py, line 237)","exc_notes":[],"syntax_error":{"offset":5,"filename":"/opt/airflow/dags/meteo_etl.py","line":"    extract_task = extract()\n","lineno":237,"msg":"expected an indented block after function definition on line 233"},"is_cause":false,"frames":[{"filename":"/home/airflow/.local/lib/python3.13/site-packages/airflow/dag_processing/importers/python_importer.py","lineno":238,"name":"parse"},{"filename":"<frozen importlib._bootstrap_external>","lineno":1019,"name":"exec_module"},{"filename":"<frozen importlib._bootstrap_external>","lineno":1157,"name":"get_code"},{"filename":"<frozen importlib._bootstrap_external>","lineno":1087,"name":"source_to_code"},{"filename":"<frozen importlib._bootstrap>","lineno":488,"name":"_call_with_frames_removed"}],"is_group":false,"exceptions":[]}]}
{"timestamp":"2026-09-18T14:18:42.141728Z","level":"error","event":"Error loading DAG from meteo_etl.py: expected an indented block after function definition on line 233 (meteo_etl.py, line 237)","logger":"airflow.dag_processing.dagbag.BundleDagBag","filename":"dagbag.py","lineno":319}
{"timestamp":"2026-09-18T14:18:43.338011Z","level":"info","event":"Filling up the DagBag from /opt/airflow/dags/meteo_etl.py","logger":"airflow.dag_processing.dagbag.BundleDagBag","filename":"dagbag.py","lineno":460}
{"timestamp":"2026-09-18T14:18:43.424832Z","level":"error","event":"Failed to import: /opt/airflow/dags/meteo_etl.py","logger":"airflow.dag_processing.importers.python_importer","filename":"python_importer.py","lineno":244,"error_detail":[{"exc_type":"IndentationError","exc_value":"expected an indented block after function definition on line 233 (meteo_etl.py, line 237)","exc_notes":[],"syntax_error":{"offset":5,"filename":"/opt/airflow/dags/meteo_etl.py","line":"    extract_task= extract()\n","lineno":237,"msg":"expected an indented block after function definition on line 233"},"is_cause":false,"frames":[{"filename":"/home/airflow/.local/lib/python3.13/site-packages/airflow/dag_processing/importers/python_importer.py","lineno":238,"name":"parse"},{"filename":"<frozen importlib._bootstrap_external>","lineno":1019,"name":"exec_module"},{"filename":"<frozen importlib._bootstrap_external>","lineno":1157,"name":"get_code"},{"filename":"<frozen importlib._bootstrap_external>","lineno":1087,"name":"source_to_code"},{"filename":"<frozen importlib._bootstrap>","lineno":488,"name":"_call_with_frames_removed"}],"is_group":false,"exceptions":[]}]}
{"timestamp":"2026-09-18T14:18:43.426809Z","level":"error","event":"Error loading DAG from meteo_etl.py: expected an indented block after function definition on line 233 (meteo_etl.py, line 237)","logger":"airflow.dag_processing.dagbag.BundleDagBag","filename":"dagbag.py","lineno":319}
{"timestamp":"2026-09-18T14:18:49.089688Z","level":"info","event":"Filling up the DagBag from /opt/airflow/dags/meteo_etl.py","logger":"airflow.dag_processing.dagbag.BundleDagBag","filename":"dagbag.py","lineno":460}
{"timestamp":"2026-09-18T14:18:49.130746Z","level":"error","event":"Failed to import: /opt/airflow/dags/meteo_etl.py","logger":"airflow.dag_processing.importers.python_importer","filename":"python_importer.py","lineno":244,"error_detail":[{"exc_type":"IndentationError","exc_value":"expected an indented block after function definition on line 233 (meteo_etl.py, line 237)","exc_notes":[],"syntax_error":{"offset":5,"filename":"/opt/airflow/dags/meteo_etl.py","line":"    extract_task = extract()\n","lineno":237,"msg":"expected an indented block after function definition on line 233"},"is_cause":false,"frames":[{"filename":"/home/airflow/.local/lib/python3.13/site-packages/airflow/dag_processing/importers/python_importer.py","lineno":238,"name":"parse"},{"filename":"<frozen importlib._bootstrap_external>","lineno":1019,"name":"exec_module"},{"filename":"<frozen importlib._bootstrap_external>","lineno":1157,"name":"get_code"},{"filename":"<frozen importlib._bootstrap_external>","lineno":1087,"name":"source_to_code"},{"filename":"<frozen importlib._bootstrap>","lineno":488,"name":"_call_with_frames_removed"}],"is_group":false,"exceptions":[]}]}
{"timestamp":"2026-09-18T14:18:49.131781Z","level":"error","event":"Error loading DAG from meteo_etl.py: expected an indented block after function definition on line 233 (meteo_etl.py, line 237)","logger":"airflow.dag_processing.dagbag.BundleDagBag","filename":"dagbag.py","lineno":319}
{"timestamp":"2026-09-18T14:18:50.216553Z","level":"info","event":"Filling up the DagBag from /opt/airflow/dags/meteo_etl.py","logger":"airflow.dag_processing.dagbag.BundleDagBag","filename":"dagbag.py","lineno":460}
{"timestamp":"2026-09-18T14:18:50.260766Z","level":"error","event":"Failed to import: /opt/airflow/dags/meteo_etl.py","logger":"airflow.dag_processing.importers.python_importer","filename":"python_importer.py","lineno":244,"error_detail":[{"exc_type":"IndentationError","exc_value":"expected an indented block after function definition on line 233 (meteo_etl.py, line 237)","exc_notes":[],"syntax_error":{"offset":5,"filename":"/opt/airflow/dags/meteo_etl.py","line":"    extract_task  = extract()\n","lineno":237,"msg":"expected an indented block after function definition on line 233"},"is_cause":false,"frames":[{"filename":"/home/airflow/.local/lib/python3.13/site-packages/airflow/dag_processing/importers/python_importer.py","lineno":238,"name":"parse"},{"filename":"<frozen importlib._bootstrap_external>","lineno":1019,"name":"exec_module"},{"filename":"<frozen importlib._bootstrap_external>","lineno":1157,"name":"get_code"},{"filename":"<frozen importlib._bootstrap_external>","lineno":1087,"name":"source_to_code"},{"filename":"<frozen importlib._bootstrap>","lineno":488,"name":"_call_with_frames_removed"}],"is_group":false,"exceptions":[]}]}
{"timestamp":"2026-09-18T14:18:50.262214Z","level":"error","event":"Error loading DAG from meteo_etl.py: expected an indented block after function definition on line 233 (meteo_etl.py, line 237)","logger":"airflow.dag_processing.dagbag.BundleDagBag","filename":"dagbag.py","lineno":319}
{"timestamp":"2026-09-18T14:18:53.403313Z","level":"info","event":"Filling up the DagBag from /opt/airflow/dags/meteo_etl.py","logger":"airflow.dag_processing.dagbag.BundleDagBag","filename":"dagbag.py","lineno":460}
{"timestamp":"2026-09-18T14:18:53.421029Z","level":"error","event":"Failed to import: /opt/airflow/dags/meteo_etl.py","logger":"airflow.dag_processing.importers.python_importer","filename":"python_importer.py","lineno":244,"error_detail":[{"exc_type":"IndentationError","exc_value":"expected an indented block after function definition on line 233 (meteo_etl.py, line 237)","exc_notes":[],"syntax_error":{"offset":5,"filename":"/opt/airflow/dags/meteo_etl.py","line":"    extract_task = extract()\n","lineno":237,"msg":"expected an indented block after function definition on line 233"},"is_cause":false,"frames":[{"filename":"/home/airflow/.local/lib/python3.13/site-packages/airflow/dag_processing/importers/python_importer.py","lineno":238,"name":"parse"},{"filename":"<frozen importlib._bootstrap_external>","lineno":1019,"name":"exec_module"},{"filename":"<frozen importlib._bootstrap_external>","lineno":1157,"name":"get_code"},{"filename":"<frozen importlib._bootstrap_external>","lineno":1087,"name":"source_to_code"},{"filename":"<frozen importlib._bootstrap>","lineno":488,"name":"_call_with_frames_removed"}],"is_group":false,"exceptions":[]}]}
{"timestamp":"2026-09-18T14:18:53.422028Z","level":"error","event":"Error loading DAG from meteo_etl.py: expected an indented block after function definition on line 233 (meteo_etl.py, line 237)","logger":"airflow.dag_processing.dagbag.BundleDagBag","filename":"dagbag.py","lineno":319}
{"timestamp":"2026-09-18T14:19:24.408490Z","level":"info","event":"Filling up the DagBag from /opt/airflow/dags/meteo_etl.py","logger":"airflow.dag_processing.dagbag.BundleDagBag","filename":"dagbag.py","lineno":460}
{"timestamp":"2026-09-18T14:19:24.432251Z","level":"error","event":"Failed to import: /opt/airflow/dags/meteo_etl.py","logger":"airflow.dag_processing.importers.python_importer","filename":"python_importer.py","lineno":244,"error_detail":[{"exc_type":"IndentationError","exc_value":"expected an indented block after function definition on line 233 (meteo_etl.py, line 237)","exc_notes":[],"syntax_error":{"offset":5,"filename":"/opt/airflow/dags/meteo_etl.py","line":"    extract_task = extract()\n","lineno":237,"msg":"expected an indented block after function definition on line 233"},"is_cause":false,"frames":[{"filename":"/home/airflow/.local/lib/python3.13/site-packages/airflow/dag_processing/importers/python_importer.py","lineno":238,"name":"parse"},{"filename":"<frozen importlib._bootstrap_external>","lineno":1019,"name":"exec_module"},{"filename":"<frozen importlib._bootstrap_external>","lineno":1157,"name":"get_code"},{"filename":"<frozen importlib._bootstrap_external>","lineno":1087,"name":"source_to_code"},{"filename":"<frozen importlib._bootstrap>","lineno":488,"name":"_call_with_frames_removed"}],"is_group":false,"exceptions":[]}]}
{"timestamp":"2026-09-18T14:19:24.433255Z","level":"error","event":"Error loading DAG from meteo_etl.py: expected an indented block after function definition on line 233 (meteo_etl.py, line 237)","logger":"airflow.dag_processing.dagbag.BundleDagBag","filename":"dagbag.py","lineno":319}
{"timestamp":"2026-09-18T14:19:33.842158Z","level":"info","event":"Filling up the DagBag from /opt/airflow/dags/meteo_etl.py","logger":"airflow.dag_processing.dagbag.BundleDagBag","filename":"dagbag.py","lineno":460}
{"timestamp":"2026-09-18T14:19:33.859659Z","level":"error","event":"Failed to import: /opt/airflow/dags/meteo_etl.py","logger":"airflow.dag_processing.importers.python_importer","filename":"python_importer.py","lineno":244,"error_detail":[{"exc_type":"IndentationError","exc_value":"unexpected indent (meteo_etl.py, line 243)","exc_notes":[],"syntax_error":{"offset":4,"filename":"/opt/airflow/dags/meteo_etl.py","line":"    extract_task = extract()\n","lineno":243,"msg":"unexpected indent"},"is_cause":false,"frames":[{"filename":"/home/airflow/.local/lib/python3.13/site-packages/airflow/dag_processing/importers/python_importer.py","lineno":238,"name":"parse"},{"filename":"<frozen importlib._bootstrap_external>","lineno":1019,"name":"exec_module"},{"filename":"<frozen importlib._bootstrap_external>","lineno":1157,"name":"get_code"},{"filename":"<frozen importlib._bootstrap_external>","lineno":1087,"name":"source_to_code"},{"filename":"<frozen importlib._bootstrap>","lineno":488,"name":"_call_with_frames_removed"}],"is_group":false,"exceptions":[]}]}
{"timestamp":"2026-09-18T14:19:33.860753Z","level":"error","event":"Error loading DAG from meteo_etl.py: unexpected indent (meteo_etl.py, line 243)","logger":"airflow.dag_processing.dagbag.BundleDagBag","filename":"dagbag.py","lineno":319}
{"timestamp":"2026-09-18T14:19:39.026155Z","level":"info","event":"Filling up the DagBag from /opt/airflow/dags/meteo_etl.py","logger":"airflow.dag_processing.dagbag.BundleDagBag","filename":"dagbag.py","lineno":460}
{"timestamp":"2026-09-18T14:19:45.643262Z","level":"info","event":"Filling up the DagBag from /opt/airflow/dags/meteo_etl.py","logger":"airflow.dag_processing.dagbag.BundleDagBag","filename":"dagbag.py","lineno":460}
{"timestamp":"2026-09-18T14:20:02.407931Z","level":"info","event":"Filling up the DagBag from /opt/airflow/dags/meteo_etl.py","logger":"airflow.dag_processing.dagbag.BundleDagBag","filename":"dagbag.py","lineno":460}
{"timestamp":"2026-09-18T14:20:21.539187Z","level":"info","event":"Filling up the DagBag from /opt/airflow/dags/meteo_etl.py","logger":"airflow.dag_processing.dagbag.BundleDagBag","filename":"dagbag.py","lineno":460}
{"timestamp":"2026-09-18T14:20:29.396168Z","level":"info","event":"Filling up the DagBag from /opt/airflow/dags/meteo_etl.py","logger":"airflow.dag_processing.dagbag.BundleDagBag","filename":"dagbag.py","lineno":460}
{"timestamp":"2026-09-18T14:20:31.012252Z","level":"info","event":"Filling up the DagBag from /opt/airflow/dags/meteo_etl.py","logger":"airflow.dag_processing.dagbag.BundleDagBag","filename":"dagbag.py","lineno":460}
{"timestamp":"2026-09-18T14:20:34.225905Z","level":"info","event":"Filling up the DagBag from /opt/airflow/dags/meteo_etl.py","logger":"airflow.dag_processing.dagbag.BundleDagBag","filename":"dagbag.py","lineno":460}
{"timestamp":"2026-09-18T14:20:42.232228Z","level":"info","event":"Filling up the DagBag from /opt/airflow/dags/meteo_etl.py","logger":"airflow.dag_processing.dagbag.BundleDagBag","filename":"dagbag.py","lineno":460}
{"timestamp":"2026-09-18T14:21:12.500913Z","level":"info","event":"Filling up the DagBag from /opt/airflow/dags/meteo_etl.py","logger":"airflow.dag_processing.dagbag.BundleDagBag","filename":"dagbag.py","lineno":460}
{"timestamp":"2026-09-18T14:21:43.256742Z","level":"info","event":"Filling up the DagBag from /opt/airflow/dags/meteo_etl.py","logger":"airflow.dag_processing.dagbag.BundleDagBag","filename":"dagbag.py","lineno":460}
{"timestamp":"2026-09-18T14:22:14.176765Z","level":"info","event":"Filling up the DagBag from /opt/airflow/dags/meteo_etl.py","logger":"airflow.dag_processing.dagbag.BundleDagBag","filename":"dagbag.py","lineno":460}
{"timestamp":"2026-09-18T14:22:44.354176Z","level":"info","event":"Filling up the DagBag from /opt/airflow/dags/meteo_etl.py","logger":"airflow.dag_processing.dagbag.BundleDagBag","filename":"dagbag.py","lineno":460}
{"timestamp":"2026-09-18T14:23:14.528665Z","level":"info","event":"Filling up the DagBag from /opt/airflow/dags/meteo_etl.py","logger":"airflow.dag_processing.dagbag.BundleDagBag","filename":"dagbag.py","lineno":460}
{"timestamp":"2026-09-18T14:23:27.980174Z","level":"info","event":"Filling up the DagBag from /opt/airflow/dags/meteo_etl.py","logger":"airflow.dag_processing.dagbag.BundleDagBag","filename":"dagbag.py","lineno":460}
{"timestamp":"2026-09-18T14:23:32.125121Z","level":"info","event":"Filling up the DagBag from /opt/airflow/dags/meteo_etl.py","logger":"airflow.dag_processing.dagbag.BundleDagBag","filename":"dagbag.py","lineno":460}
{"timestamp":"2026-09-18T14:23:35.386855Z","level":"info","event":"Filling up the DagBag from /opt/airflow/dags/meteo_etl.py","logger":"airflow.dag_processing.dagbag.BundleDagBag","filename":"dagbag.py","lineno":460}
{"timestamp":"2026-09-18T14:23:59.967959Z","level":"info","event":"Filling up the DagBag from /opt/airflow/dags/meteo_etl.py","logger":"airflow.dag_processing.dagbag.BundleDagBag","filename":"dagbag.py","lineno":460}
{"timestamp":"2026-09-18T14:24:04.549196Z","level":"info","event":"Filling up the DagBag from /opt/airflow/dags/meteo_etl.py","logger":"airflow.dag_processing.dagbag.BundleDagBag","filename":"dagbag.py","lineno":460}
{"timestamp":"2026-09-18T14:24:04.567949Z","level":"error","event":"Failed to import: /opt/airflow/dags/meteo_etl.py","logger":"airflow.dag_processing.importers.python_importer","filename":"python_importer.py","lineno":244,"error_detail":[{"exc_type":"SyntaxError","exc_value":"invalid syntax (meteo_etl.py, line 149)","exc_notes":[],"syntax_error":{"offset":29,"filename":"/opt/airflow/dags/meteo_etl.py","line":"            df1=pd.read_csv(../\"silver/silver_data.csv\")\n","lineno":149,"msg":"invalid syntax"},"is_cause":false,"frames":[{"filename":"/home/airflow/.local/lib/python3.13/site-packages/airflow/dag_processing/importers/python_importer.py","lineno":238,"name":"parse"},{"filename":"<frozen importlib._bootstrap_external>","lineno":1019,"name":"exec_module"},{"filename":"<frozen importlib._bootstrap_external>","lineno":1157,"name":"get_code"},{"filename":"<frozen importlib._bootstrap_external>","lineno":1087,"name":"source_to_code"},{"filename":"<frozen importlib._bootstrap>","lineno":488,"name":"_call_with_frames_removed"}],"is_group":false,"exceptions":[]}]}
{"timestamp":"2026-09-18T14:24:04.568893Z","level":"error","event":"Error loading DAG from meteo_etl.py: invalid syntax (meteo_etl.py, line 149)","logger":"airflow.dag_processing.dagbag.BundleDagBag","filename":"dagbag.py","lineno":319}
{"timestamp":"2026-09-18T14:24:06.998829Z","level":"info","event":"Filling up the DagBag from /opt/airflow/dags/meteo_etl.py","logger":"airflow.dag_processing.dagbag.BundleDagBag","filename":"dagbag.py","lineno":460}
{"timestamp":"2026-09-18T14:24:07.017877Z","level":"error","event":"Failed to import: /opt/airflow/dags/meteo_etl.py","logger":"airflow.dag_processing.importers.python_importer","filename":"python_importer.py","lineno":244,"error_detail":[{"exc_type":"SyntaxError","exc_value":"invalid syntax (meteo_etl.py, line 149)","exc_notes":[],"syntax_error":{"offset":29,"filename":"/opt/airflow/dags/meteo_etl.py","line":"            df1=pd.read_csv(../data\"silver/silver_data.csv\")\n","lineno":149,"msg":"invalid syntax"},"is_cause":false,"frames":[{"filename":"/home/airflow/.local/lib/python3.13/site-packages/airflow/dag_processing/importers/python_importer.py","lineno":238,"name":"parse"},{"filename":"<frozen importlib._bootstrap_external>","lineno":1019,"name":"exec_module"},{"filename":"<frozen importlib._bootstrap_external>","lineno":1157,"name":"get_code"},{"filename":"<frozen importlib._bootstrap_external>","lineno":1087,"name":"source_to_code"},{"filename":"<frozen importlib._bootstrap>","lineno":488,"name":"_call_with_frames_removed"}],"is_group":false,"exceptions":[]}]}
{"timestamp":"2026-09-18T14:24:07.019525Z","level":"error","event":"Error loading DAG from meteo_etl.py: invalid syntax (meteo_etl.py, line 149)","logger":"airflow.dag_processing.dagbag.BundleDagBag","filename":"dagbag.py","lineno":319}
{"timestamp":"2026-09-18T14:24:09.139400Z","level":"info","event":"Filling up the DagBag from /opt/airflow/dags/meteo_etl.py","logger":"airflow.dag_processing.dagbag.BundleDagBag","filename":"dagbag.py","lineno":460}
{"timestamp":"2026-09-18T14:24:09.175031Z","level":"error","event":"Failed to import: /opt/airflow/dags/meteo_etl.py","logger":"airflow.dag_processing.importers.python_importer","filename":"python_importer.py","lineno":244,"error_detail":[{"exc_type":"SyntaxError","exc_value":"unterminated string literal (detected at line 149) (meteo_etl.py, line 149)","exc_notes":[],"syntax_error":{"offset":58,"filename":"/opt/airflow/dags/meteo_etl.py","line":"            df1=pd.read_csv(../datasilver/silver_data.csv\")","lineno":149,"msg":"unterminated string literal (detected at line 149)"},"is_cause":false,"frames":[{"filename":"/home/airflow/.local/lib/python3.13/site-packages/airflow/dag_processing/importers/python_importer.py","lineno":238,"name":"parse"},{"filename":"<frozen importlib._bootstrap_external>","lineno":1019,"name":"exec_module"},{"filename":"<frozen importlib._bootstrap_external>","lineno":1157,"name":"get_code"},{"filename":"<frozen importlib._bootstrap_external>","lineno":1087,"name":"source_to_code"},{"filename":"<frozen importlib._bootstrap>","lineno":488,"name":"_call_with_frames_removed"}],"is_group":false,"exceptions":[]}]}
{"timestamp":"2026-09-18T14:24:09.176091Z","level":"error","event":"Error loading DAG from meteo_etl.py: unterminated string literal (detected at line 149) (meteo_etl.py, line 149)","logger":"airflow.dag_processing.dagbag.BundleDagBag","filename":"dagbag.py","lineno":319}
{"timestamp":"2026-09-18T14:24:11.300914Z","level":"info","event":"Filling up the DagBag from /opt/airflow/dags/meteo_etl.py","logger":"airflow.dag_processing.dagbag.BundleDagBag","filename":"dagbag.py","lineno":460}
{"timestamp":"2026-09-18T14:24:11.315772Z","level":"error","event":"Failed to import: /opt/airflow/dags/meteo_etl.py","logger":"airflow.dag_processing.importers.python_importer","filename":"python_importer.py","lineno":244,"error_detail":[{"exc_type":"SyntaxError","exc_value":"unterminated string literal (detected at line 149) (meteo_etl.py, line 149)","exc_notes":[],"syntax_error":{"offset":60,"filename":"/opt/airflow/dags/meteo_etl.py","line":"            df1=pd.read_csv(\"\"../datasilver/silver_data.csv\")","lineno":149,"msg":"unterminated string literal (detected at line 149)"},"is_cause":false,"frames":[{"filename":"/home/airflow/.local/lib/python3.13/site-packages/airflow/dag_processing/importers/python_importer.py","lineno":238,"name":"parse"},{"filename":"<frozen importlib._bootstrap_external>","lineno":1019,"name":"exec_module"},{"filename":"<frozen importlib._bootstrap_external>","lineno":1157,"name":"get_code"},{"filename":"<frozen importlib._bootstrap_external>","lineno":1087,"name":"source_to_code"},{"filename":"<frozen importlib._bootstrap>","lineno":488,"name":"_call_with_frames_removed"}],"is_group":false,"exceptions":[]}]}
{"timestamp":"2026-09-18T14:24:11.319696Z","level":"error","event":"Error loading DAG from meteo_etl.py: unterminated string literal (detected at line 149) (meteo_etl.py, line 149)","logger":"airflow.dag_processing.dagbag.BundleDagBag","filename":"dagbag.py","lineno":319}
{"timestamp":"2026-09-18T14:24:16.687196Z","level":"info","event":"Filling up the DagBag from /opt/airflow/dags/meteo_etl.py","logger":"airflow.dag_processing.dagbag.BundleDagBag","filename":"dagbag.py","lineno":460}
{"timestamp":"2026-09-18T14:24:18.595692Z","level":"info","event":"Filling up the DagBag from /opt/airflow/dags/meteo_etl.py","logger":"airflow.dag_processing.dagbag.BundleDagBag","filename":"dagbag.py","lineno":460}
{"timestamp":"2026-09-18T14:24:29.133783Z","level":"info","event":"Filling up the DagBag from /opt/airflow/dags/meteo_etl.py","logger":"airflow.dag_processing.dagbag.BundleDagBag","filename":"dagbag.py","lineno":460}
{"timestamp":"2026-09-18T14:24:36.396599Z","level":"info","event":"Filling up the DagBag from /opt/airflow/dags/meteo_etl.py","logger":"airflow.dag_processing.dagbag.BundleDagBag","filename":"dagbag.py","lineno":460}
{"timestamp":"2026-09-18T14:24:41.043069Z","level":"info","event":"Filling up the DagBag from /opt/airflow/dags/meteo_etl.py","logger":"airflow.dag_processing.dagbag.BundleDagBag","filename":"dagbag.py","lineno":460}
{"timestamp":"2026-09-18T14:24:45.248956Z","level":"info","event":"Filling up the DagBag from /opt/airflow/dags/meteo_etl.py","logger":"airflow.dag_processing.dagbag.BundleDagBag","filename":"dagbag.py","lineno":460}
{"timestamp":"2026-09-18T14:25:15.875113Z","level":"info","event":"Filling up the DagBag from /opt/airflow/dags/meteo_etl.py","logger":"airflow.dag_processing.dagbag.BundleDagBag","filename":"dagbag.py","lineno":460}
{"timestamp":"2026-09-18T14:25:46.225253Z","level":"info","event":"Filling up the DagBag from /opt/airflow/dags/meteo_etl.py","logger":"airflow.dag_processing.dagbag.BundleDagBag","filename":"dagbag.py","lineno":460}
{"timestamp":"2026-09-18T14:26:16.746854Z","level":"info","event":"Filling up the DagBag from /opt/airflow/dags/meteo_etl.py","logger":"airflow.dag_processing.dagbag.BundleDagBag","filename":"dagbag.py","lineno":460}
{"timestamp":"2026-09-18T14:26:47.078163Z","level":"info","event":"Filling up the DagBag from /opt/airflow/dags/meteo_etl.py","logger":"airflow.dag_processing.dagbag.BundleDagBag","filename":"dagbag.py","lineno":460}
{"timestamp":"2026-09-18T14:27:17.517281Z","level":"info","event":"Filling up the DagBag from /opt/airflow/dags/meteo_etl.py","logger":"airflow.dag_processing.dagbag.BundleDagBag","filename":"dagbag.py","lineno":460}
{"timestamp":"2026-09-18T14:27:47.680402Z","level":"info","event":"Filling up the DagBag from /opt/airflow/dags/meteo_etl.py","logger":"airflow.dag_processing.dagbag.BundleDagBag","filename":"dagbag.py","lineno":460}
{"timestamp":"2026-09-18T14:28:17.898172Z","level":"info","event":"Filling up the DagBag from /opt/airflow/dags/meteo_etl.py","logger":"airflow.dag_processing.dagbag.BundleDagBag","filename":"dagbag.py","lineno":460}
{"timestamp":"2026-09-18T14:28:48.881630Z","level":"info","event":"Filling up the DagBag from /opt/airflow/dags/meteo_etl.py","logger":"airflow.dag_processing.dagbag.BundleDagBag","filename":"dagbag.py","lineno":460}
{"timestamp":"2026-09-18T14:29:19.547728Z","level":"info","event":"Filling up the DagBag from /opt/airflow/dags/meteo_etl.py","logger":"airflow.dag_processing.dagbag.BundleDagBag","filename":"dagbag.py","lineno":460}
{"timestamp":"2026-09-18T14:29:50.606637Z","level":"info","event":"Filling up the DagBag from /opt/airflow/dags/meteo_etl.py","logger":"airflow.dag_processing.dagbag.BundleDagBag","filename":"dagbag.py","lineno":460}
{"timestamp":"2026-09-18T14:30:20.832412Z","level":"info","event":"Filling up the DagBag from /opt/airflow/dags/meteo_etl.py","logger":"airflow.dag_processing.dagbag.BundleDagBag","filename":"dagbag.py","lineno":460}
{"timestamp":"2026-09-18T14:30:51.083858Z","level":"info","event":"Filling up the DagBag from /opt/airflow/dags/meteo_etl.py","logger":"airflow.dag_processing.dagbag.BundleDagBag","filename":"dagbag.py","lineno":460}
{"timestamp":"2026-09-18T14:31:22.252019Z","level":"info","event":"Filling up the DagBag from /opt/airflow/dags/meteo_etl.py","logger":"airflow.dag_processing.dagbag.BundleDagBag","filename":"dagbag.py","lineno":460}
{"timestamp":"2026-09-18T14:31:52.704680Z","level":"info","event":"Filling up the DagBag from /opt/airflow/dags/meteo_etl.py","logger":"airflow.dag_processing.dagbag.BundleDagBag","filename":"dagbag.py","lineno":460}
{"timestamp":"2026-09-18T14:48:17.674019Z","level":"info","event":"Filling up the DagBag from /opt/airflow/dags/meteo_etl.py","logger":"airflow.dag_processing.dagbag.BundleDagBag","filename":"dagbag.py","lineno":460}
{"timestamp":"2026-09-18T14:48:47.981944Z","level":"info","event":"Filling up the DagBag from /opt/airflow/dags/meteo_etl.py","logger":"airflow.dag_processing.dagbag.BundleDagBag","filename":"dagbag.py","lineno":460}
{"timestamp":"2026-09-18T14:49:18.123455Z","level":"info","event":"Filling up the DagBag from /opt/airflow/dags/meteo_etl.py","logger":"airflow.dag_processing.dagbag.BundleDagBag","filename":"dagbag.py","lineno":460}
{"timestamp":"2026-09-18T14:49:33.062510Z","level":"info","event":"Filling up the DagBag from /opt/airflow/dags/meteo_etl.py","logger":"airflow.dag_processing.dagbag.BundleDagBag","filename":"dagbag.py","lineno":460}
{"timestamp":"2026-09-18T14:49:33.081003Z","level":"error","event":"Failed to import: /opt/airflow/dags/meteo_etl.py","logger":"airflow.dag_processing.importers.python_importer","filename":"python_importer.py","lineno":244,"error_detail":[{"exc_type":"SyntaxError","exc_value":"invalid syntax (meteo_etl.py, line 17)","exc_notes":[],"syntax_error":{"offset":5,"filename":"/opt/airflow/dags/meteo_etl.py","line":"    ef extract():d\n","lineno":17,"msg":"invalid syntax"},"is_cause":false,"frames":[{"filename":"/home/airflow/.local/lib/python3.13/site-packages/airflow/dag_processing/importers/python_importer.py","lineno":238,"name":"parse"},{"filename":"<frozen importlib._bootstrap_external>","lineno":1019,"name":"exec_module"},{"filename":"<frozen importlib._bootstrap_external>","lineno":1157,"name":"get_code"},{"filename":"<frozen importlib._bootstrap_external>","lineno":1087,"name":"source_to_code"},{"filename":"<frozen importlib._bootstrap>","lineno":488,"name":"_call_with_frames_removed"}],"is_group":false,"exceptions":[]}]}
{"timestamp":"2026-09-18T14:49:33.082217Z","level":"error","event":"Error loading DAG from meteo_etl.py: invalid syntax (meteo_etl.py, line 17)","logger":"airflow.dag_processing.dagbag.BundleDagBag","filename":"dagbag.py","lineno":319}
{"timestamp":"2026-09-18T14:49:35.183267Z","level":"info","event":"Filling up the DagBag from /opt/airflow/dags/meteo_etl.py","logger":"airflow.dag_processing.dagbag.BundleDagBag","filename":"dagbag.py","lineno":460}
{"timestamp":"2026-09-18T14:50:05.305987Z","level":"info","event":"Filling up the DagBag from /opt/airflow/dags/meteo_etl.py","logger":"airflow.dag_processing.dagbag.BundleDagBag","filename":"dagbag.py","lineno":460}
{"timestamp":"2026-09-18T14:50:35.977053Z","level":"info","event":"Filling up the DagBag from /opt/airflow/dags/meteo_etl.py","logger":"airflow.dag_processing.dagbag.BundleDagBag","filename":"dagbag.py","lineno":460}
{"timestamp":"2026-09-18T14:51:06.677732Z","level":"info","event":"Filling up the DagBag from /opt/airflow/dags/meteo_etl.py","logger":"airflow.dag_processing.dagbag.BundleDagBag","filename":"dagbag.py","lineno":460}
{"timestamp":"2026-09-18T14:51:37.314280Z","level":"info","event":"Filling up the DagBag from /opt/airflow/dags/meteo_etl.py","logger":"airflow.dag_processing.dagbag.BundleDagBag","filename":"dagbag.py","lineno":460}
{"timestamp":"2026-09-18T14:52:07.655927Z","level":"info","event":"Filling up the DagBag from /opt/airflow/dags/meteo_etl.py","logger":"airflow.dag_processing.dagbag.BundleDagBag","filename":"dagbag.py","lineno":460}
{"timestamp":"2026-09-18T14:52:38.219900Z","level":"info","event":"Filling up the DagBag from /opt/airflow/dags/meteo_etl.py","logger":"airflow.dag_processing.dagbag.BundleDagBag","filename":"dagbag.py","lineno":460}
{"timestamp":"2026-09-18T14:53:08.540697Z","level":"info","event":"Filling up the DagBag from /opt/airflow/dags/meteo_etl.py","logger":"airflow.dag_processing.dagbag.BundleDagBag","filename":"dagbag.py","lineno":460}
{"timestamp":"2026-09-18T14:53:14.735684Z","level":"info","event":"Filling up the DagBag from /opt/airflow/dags/meteo_etl.py","logger":"airflow.dag_processing.dagbag.BundleDagBag","filename":"dagbag.py","lineno":460}
{"timestamp":"2026-09-18T14:53:35.114572Z","level":"info","event":"Filling up the DagBag from /opt/airflow/dags/meteo_etl.py","logger":"airflow.dag_processing.dagbag.BundleDagBag","filename":"dagbag.py","lineno":460}
{"timestamp":"2026-09-18T14:53:35.959773Z","level":"info","event":"Filling up the DagBag from /opt/airflow/dags/meteo_etl.py","logger":"airflow.dag_processing.dagbag.BundleDagBag","filename":"dagbag.py","lineno":460}
{"timestamp":"2026-09-18T14:53:37.334329Z","level":"info","event":"Filling up the DagBag from /opt/airflow/dags/meteo_etl.py","logger":"airflow.dag_processing.dagbag.BundleDagBag","filename":"dagbag.py","lineno":460}
{"timestamp":"2026-09-18T14:54:07.601792Z","level":"info","event":"Filling up the DagBag from /opt/airflow/dags/meteo_etl.py","logger":"airflow.dag_processing.dagbag.BundleDagBag","filename":"dagbag.py","lineno":460}
{"timestamp":"2026-09-18T14:54:11.670720Z","level":"info","event":"Filling up the DagBag from /opt/airflow/dags/meteo_etl.py","logger":"airflow.dag_processing.dagbag.BundleDagBag","filename":"dagbag.py","lineno":460}
{"timestamp":"2026-09-18T14:54:21.927170Z","level":"info","event":"Filling up the DagBag from /opt/airflow/dags/meteo_etl.py","logger":"airflow.dag_processing.dagbag.BundleDagBag","filename":"dagbag.py","lineno":460}
{"timestamp":"2026-09-18T14:54:26.762072Z","level":"info","event":"Filling up the DagBag from /opt/airflow/dags/meteo_etl.py","logger":"airflow.dag_processing.dagbag.BundleDagBag","filename":"dagbag.py","lineno":460}
{"timestamp":"2026-09-18T14:54:43.277690Z","level":"info","event":"Filling up the DagBag from /opt/airflow/dags/meteo_etl.py","logger":"airflow.dag_processing.dagbag.BundleDagBag","filename":"dagbag.py","lineno":460}
{"timestamp":"2026-09-18T14:55:13.698679Z","level":"info","event":"Filling up the DagBag from /opt/airflow/dags/meteo_etl.py","logger":"airflow.dag_processing.dagbag.BundleDagBag","filename":"dagbag.py","lineno":460}
{"timestamp":"2026-09-18T14:55:14.828875Z","level":"info","event":"Filling up the DagBag from /opt/airflow/dags/meteo_etl.py","logger":"airflow.dag_processing.dagbag.BundleDagBag","filename":"dagbag.py","lineno":460}
{"timestamp":"2026-09-18T14:55:14.848604Z","level":"error","event":"Failed to import: /opt/airflow/dags/meteo_etl.py","logger":"airflow.dag_processing.importers.python_importer","filename":"python_importer.py","lineno":244,"error_detail":[{"exc_type":"SyntaxError","exc_value":"invalid syntax. Perhaps you forgot a comma? (meteo_etl.py, line 145)","exc_notes":[],"syntax_error":{"offset":24,"filename":"/opt/airflow/dags/meteo_etl.py","line":"            df1.to_csv(\"\"/opt/airflow/data/bronze/raw.csv\"\",index=False)\n","lineno":145,"msg":"invalid syntax. Perhaps you forgot a comma?"},"is_cause":false,"frames":[{"filename":"/home/airflow/.local/lib/python3.13/site-packages/airflow/dag_processing/importers/python_importer.py","lineno":238,"name":"parse"},{"filename":"<frozen importlib._bootstrap_external>","lineno":1019,"name":"exec_module"},{"filename":"<frozen importlib._bootstrap_external>","lineno":1157,"name":"get_code"},{"filename":"<frozen importlib._bootstrap_external>","lineno":1087,"name":"source_to_code"},{"filename":"<frozen importlib._bootstrap>","lineno":488,"name":"_call_with_frames_removed"}],"is_group":false,"exceptions":[]}]}
{"timestamp":"2026-09-18T14:55:14.849603Z","level":"error","event":"Error loading DAG from meteo_etl.py: invalid syntax. Perhaps you forgot a comma? (meteo_etl.py, line 145)","logger":"airflow.dag_processing.dagbag.BundleDagBag","filename":"dagbag.py","lineno":319}
{"timestamp":"2026-09-18T14:55:15.937067Z","level":"info","event":"Filling up the DagBag from /opt/airflow/dags/meteo_etl.py","logger":"airflow.dag_processing.dagbag.BundleDagBag","filename":"dagbag.py","lineno":460}
{"timestamp":"2026-09-18T14:55:15.953028Z","level":"error","event":"Failed to import: /opt/airflow/dags/meteo_etl.py","logger":"airflow.dag_processing.importers.python_importer","filename":"python_importer.py","lineno":244,"error_detail":[{"exc_type":"SyntaxError","exc_value":"unterminated string literal (detected at line 145) (meteo_etl.py, line 145)","exc_notes":[],"syntax_error":{"offset":58,"filename":"/opt/airflow/dags/meteo_etl.py","line":"            df1.to_csv(\"/opt/airflow/data/bronze/raw.csv\"\",index=False)","lineno":145,"msg":"unterminated string literal (detected at line 145)"},"is_cause":false,"frames":[{"filename":"/home/airflow/.local/lib/python3.13/site-packages/airflow/dag_processing/importers/python_importer.py","lineno":238,"name":"parse"},{"filename":"<frozen importlib._bootstrap_external>","lineno":1019,"name":"exec_module"},{"filename":"<frozen importlib._bootstrap_external>","lineno":1157,"name":"get_code"},{"filename":"<frozen importlib._bootstrap_external>","lineno":1087,"name":"source_to_code"},{"filename":"<frozen importlib._bootstrap>","lineno":488,"name":"_call_with_frames_removed"}],"is_group":false,"exceptions":[]}]}
{"timestamp":"2026-09-18T14:55:15.953972Z","level":"error","event":"Error loading DAG from meteo_etl.py: unterminated string literal (detected at line 145) (meteo_etl.py, line 145)","logger":"airflow.dag_processing.dagbag.BundleDagBag","filename":"dagbag.py","lineno":319}
{"timestamp":"2026-09-18T14:55:20.094686Z","level":"info","event":"Filling up the DagBag from /opt/airflow/dags/meteo_etl.py","logger":"airflow.dag_processing.dagbag.BundleDagBag","filename":"dagbag.py","lineno":460}
{"timestamp":"2026-09-18T14:55:35.930234Z","level":"info","event":"Filling up the DagBag from /opt/airflow/dags/meteo_etl.py","logger":"airflow.dag_processing.dagbag.BundleDagBag","filename":"dagbag.py","lineno":460}
{"timestamp":"2026-09-18T14:55:52.034334Z","level":"info","event":"Filling up the DagBag from /opt/airflow/dags/meteo_etl.py","logger":"airflow.dag_processing.dagbag.BundleDagBag","filename":"dagbag.py","lineno":460}
{"timestamp":"2026-09-18T14:55:58.935127Z","level":"info","event":"Filling up the DagBag from /opt/airflow/dags/meteo_etl.py","logger":"airflow.dag_processing.dagbag.BundleDagBag","filename":"dagbag.py","lineno":460}
{"timestamp":"2026-09-18T14:56:06.007198Z","level":"info","event":"Filling up the DagBag from /opt/airflow/dags/meteo_etl.py","logger":"airflow.dag_processing.dagbag.BundleDagBag","filename":"dagbag.py","lineno":460}
{"timestamp":"2026-09-18T14:56:13.819641Z","level":"info","event":"Filling up the DagBag from /opt/airflow/dags/meteo_etl.py","logger":"airflow.dag_processing.dagbag.BundleDagBag","filename":"dagbag.py","lineno":460}
{"timestamp":"2026-09-18T14:56:18.006486Z","level":"info","event":"Filling up the DagBag from /opt/airflow/dags/meteo_etl.py","logger":"airflow.dag_processing.dagbag.BundleDagBag","filename":"dagbag.py","lineno":460}
{"timestamp":"2026-09-18T14:56:21.164322Z","level":"info","event":"Filling up the DagBag from /opt/airflow/dags/meteo_etl.py","logger":"airflow.dag_processing.dagbag.BundleDagBag","filename":"dagbag.py","lineno":460}
{"timestamp":"2026-09-18T14:56:25.344607Z","level":"info","event":"Filling up the DagBag from /opt/airflow/dags/meteo_etl.py","logger":"airflow.dag_processing.dagbag.BundleDagBag","filename":"dagbag.py","lineno":460}
{"timestamp":"2026-09-18T14:56:37.002556Z","level":"info","event":"Filling up the DagBag from /opt/airflow/dags/meteo_etl.py","logger":"airflow.dag_processing.dagbag.BundleDagBag","filename":"dagbag.py","lineno":460}
{"timestamp":"2026-09-18T14:56:37.025939Z","level":"error","event":"Failed to import: /opt/airflow/dags/meteo_etl.py","logger":"airflow.dag_processing.importers.python_importer","filename":"python_importer.py","lineno":244,"error_detail":[{"exc_type":"SyntaxError","exc_value":"invalid syntax (meteo_etl.py, line 185)","exc_notes":[],"syntax_error":{"offset":24,"filename":"/opt/airflow/dags/meteo_etl.py","line":"            df1.to_csv(,index=False)\n","lineno":185,"msg":"invalid syntax"},"is_cause":false,"frames":[{"filename":"/home/airflow/.local/lib/python3.13/site-packages/airflow/dag_processing/importers/python_importer.py","lineno":238,"name":"parse"},{"filename":"<frozen importlib._bootstrap_external>","lineno":1019,"name":"exec_module"},{"filename":"<frozen importlib._bootstrap_external>","lineno":1157,"name":"get_code"},{"filename":"<frozen importlib._bootstrap_external>","lineno":1087,"name":"source_to_code"},{"filename":"<frozen importlib._bootstrap>","lineno":488,"name":"_call_with_frames_removed"}],"is_group":false,"exceptions":[]}]}
{"timestamp":"2026-09-18T14:56:37.027796Z","level":"error","event":"Error loading DAG from meteo_etl.py: invalid syntax (meteo_etl.py, line 185)","logger":"airflow.dag_processing.dagbag.BundleDagBag","filename":"dagbag.py","lineno":319}
{"timestamp":"2026-09-18T14:56:37.955506Z","level":"info","event":"Filling up the DagBag from /opt/airflow/dags/meteo_etl.py","logger":"airflow.dag_processing.dagbag.BundleDagBag","filename":"dagbag.py","lineno":460}
{"timestamp":"2026-09-18T14:56:37.980505Z","level":"error","event":"Failed to import: /opt/airflow/dags/meteo_etl.py","logger":"airflow.dag_processing.importers.python_importer","filename":"python_importer.py","lineno":244,"error_detail":[{"exc_type":"IndentationError","exc_value":"unexpected indent (meteo_etl.py, line 185)","exc_notes":[],"syntax_error":{"offset":12,"filename":"/opt/airflow/dags/meteo_etl.py","line":"            df1.to_csv(,index=False)\n","lineno":185,"msg":"unexpected indent"},"is_cause":false,"frames":[{"filename":"/home/airflow/.local/lib/python3.13/site-packages/airflow/dag_processing/importers/python_importer.py","lineno":238,"name":"parse"},{"filename":"<frozen importlib._bootstrap_external>","lineno":1019,"name":"exec_module"},{"filename":"<frozen importlib._bootstrap_external>","lineno":1157,"name":"get_code"},{"filename":"<frozen importlib._bootstrap_external>","lineno":1087,"name":"source_to_code"},{"filename":"<frozen importlib._bootstrap>","lineno":488,"name":"_call_with_frames_removed"}],"is_group":false,"exceptions":[]}]}
{"timestamp":"2026-09-18T14:56:37.981420Z","level":"error","event":"Error loading DAG from meteo_etl.py: unexpected indent (meteo_etl.py, line 185)","logger":"airflow.dag_processing.dagbag.BundleDagBag","filename":"dagbag.py","lineno":319}
{"timestamp":"2026-09-18T14:56:39.349102Z","level":"info","event":"Filling up the DagBag from /opt/airflow/dags/meteo_etl.py","logger":"airflow.dag_processing.dagbag.BundleDagBag","filename":"dagbag.py","lineno":460}
{"timestamp":"2026-09-18T14:56:44.747151Z","level":"info","event":"Filling up the DagBag from /opt/airflow/dags/meteo_etl.py","logger":"airflow.dag_processing.dagbag.BundleDagBag","filename":"dagbag.py","lineno":460}
{"timestamp":"2026-09-18T14:56:52.982653Z","level":"info","event":"Filling up the DagBag from /opt/airflow/dags/meteo_etl.py","logger":"airflow.dag_processing.dagbag.BundleDagBag","filename":"dagbag.py","lineno":460}
{"timestamp":"2026-09-18T14:57:02.922861Z","level":"info","event":"Filling up the DagBag from /opt/airflow/dags/meteo_etl.py","logger":"airflow.dag_processing.dagbag.BundleDagBag","filename":"dagbag.py","lineno":460}
{"timestamp":"2026-09-18T14:57:33.196473Z","level":"info","event":"Filling up the DagBag from /opt/airflow/dags/meteo_etl.py","logger":"airflow.dag_processing.dagbag.BundleDagBag","filename":"dagbag.py","lineno":460}
{"timestamp":"2026-09-18T15:00:07.758949Z","level":"info","event":"Filling up the DagBag from /opt/airflow/dags/meteo_etl.py","logger":"airflow.dag_processing.dagbag.BundleDagBag","filename":"dagbag.py","lineno":460}
{"timestamp":"2026-09-18T15:00:38.132272Z","level":"info","event":"Filling up the DagBag from /opt/airflow/dags/meteo_etl.py","logger":"airflow.dag_processing.dagbag.BundleDagBag","filename":"dagbag.py","lineno":460}
{"timestamp":"2026-09-18T15:01:08.311741Z","level":"info","event":"Filling up the DagBag from /opt/airflow/dags/meteo_etl.py","logger":"airflow.dag_processing.dagbag.BundleDagBag","filename":"dagbag.py","lineno":460}
{"timestamp":"2026-09-18T15:01:38.792220Z","level":"info","event":"Filling up the DagBag from /opt/airflow/dags/meteo_etl.py","logger":"airflow.dag_processing.dagbag.BundleDagBag","filename":"dagbag.py","lineno":460}
{"timestamp":"2026-09-18T15:02:09.231603Z","level":"info","event":"Filling up the DagBag from /opt/airflow/dags/meteo_etl.py","logger":"airflow.dag_processing.dagbag.BundleDagBag","filename":"dagbag.py","lineno":460}
{"timestamp":"2026-09-18T15:02:40.197962Z","level":"info","event":"Filling up the DagBag from /opt/airflow/dags/meteo_etl.py","logger":"airflow.dag_processing.dagbag.BundleDagBag","filename":"dagbag.py","lineno":460}
{"timestamp":"2026-09-18T15:03:11.103708Z","level":"info","event":"Filling up the DagBag from /opt/airflow/dags/meteo_etl.py","logger":"airflow.dag_processing.dagbag.BundleDagBag","filename":"dagbag.py","lineno":460}
{"timestamp":"2026-09-18T15:03:41.335571Z","level":"info","event":"Filling up the DagBag from /opt/airflow/dags/meteo_etl.py","logger":"airflow.dag_processing.dagbag.BundleDagBag","filename":"dagbag.py","lineno":460}
{"timestamp":"2026-09-18T15:04:12.118383Z","level":"info","event":"Filling up the DagBag from /opt/airflow/dags/meteo_etl.py","logger":"airflow.dag_processing.dagbag.BundleDagBag","filename":"dagbag.py","lineno":460}
{"timestamp":"2026-09-18T15:04:43.139387Z","level":"info","event":"Filling up the DagBag from /opt/airflow/dags/meteo_etl.py","logger":"airflow.dag_processing.dagbag.BundleDagBag","filename":"dagbag.py","lineno":460}
{"timestamp":"2026-09-18T15:05:13.450847Z","level":"info","event":"Filling up the DagBag from /opt/airflow/dags/meteo_etl.py","logger":"airflow.dag_processing.dagbag.BundleDagBag","filename":"dagbag.py","lineno":460}
{"timestamp":"2026-09-18T15:05:26.774680Z","level":"info","event":"Filling up the DagBag from /opt/airflow/dags/meteo_etl.py","logger":"airflow.dag_processing.dagbag.BundleDagBag","filename":"dagbag.py","lineno":460}
{"timestamp":"2026-09-18T15:05:53.244758Z","level":"info","event":"Filling up the DagBag from /opt/airflow/dags/meteo_etl.py","logger":"airflow.dag_processing.dagbag.BundleDagBag","filename":"dagbag.py","lineno":460}
{"timestamp":"2026-09-18T15:05:54.409406Z","level":"info","event":"Filling up the DagBag from /opt/airflow/dags/meteo_etl.py","logger":"airflow.dag_processing.dagbag.BundleDagBag","filename":"dagbag.py","lineno":460}
{"timestamp":"2026-09-18T15:06:25.201401Z","level":"info","event":"Filling up the DagBag from /opt/airflow/dags/meteo_etl.py","logger":"airflow.dag_processing.dagbag.BundleDagBag","filename":"dagbag.py","lineno":460}
{"timestamp":"2026-09-18T15:06:55.844996Z","level":"info","event":"Filling up the DagBag from /opt/airflow/dags/meteo_etl.py","logger":"airflow.dag_processing.dagbag.BundleDagBag","filename":"dagbag.py","lineno":460}
{"timestamp":"2026-09-18T15:07:22.422572Z","level":"info","event":"Filling up the DagBag from /opt/airflow/dags/meteo_etl.py","logger":"airflow.dag_processing.dagbag.BundleDagBag","filename":"dagbag.py","lineno":460}
{"timestamp":"2026-09-18T15:07:53.238704Z","level":"info","event":"Filling up the DagBag from /opt/airflow/dags/meteo_etl.py","logger":"airflow.dag_processing.dagbag.BundleDagBag","filename":"dagbag.py","lineno":460}
{"timestamp":"2026-09-18T15:08:23.781219Z","level":"info","event":"Filling up the DagBag from /opt/airflow/dags/meteo_etl.py","logger":"airflow.dag_processing.dagbag.BundleDagBag","filename":"dagbag.py","lineno":460}
{"timestamp":"2026-09-18T15:08:54.710023Z","level":"info","event":"Filling up the DagBag from /opt/airflow/dags/meteo_etl.py","logger":"airflow.dag_processing.dagbag.BundleDagBag","filename":"dagbag.py","lineno":460}
{"timestamp":"2026-09-18T15:09:25.318222Z","level":"info","event":"Filling up the DagBag from /opt/airflow/dags/meteo_etl.py","logger":"airflow.dag_processing.dagbag.BundleDagBag","filename":"dagbag.py","lineno":460}
{"timestamp":"2026-09-18T15:09:55.508774Z","level":"info","event":"Filling up the DagBag from /opt/airflow/dags/meteo_etl.py","logger":"airflow.dag_processing.dagbag.BundleDagBag","filename":"dagbag.py","lineno":460}
{"timestamp":"2026-09-18T15:10:26.019853Z","level":"info","event":"Filling up the DagBag from /opt/airflow/dags/meteo_etl.py","logger":"airflow.dag_processing.dagbag.BundleDagBag","filename":"dagbag.py","lineno":460}
{"timestamp":"2026-09-18T15:10:57.163170Z","level":"info","event":"Filling up the DagBag from /opt/airflow/dags/meteo_etl.py","logger":"airflow.dag_processing.dagbag.BundleDagBag","filename":"dagbag.py","lineno":460}
{"timestamp":"2026-09-18T15:11:11.782880Z","level":"info","event":"Filling up the DagBag from /opt/airflow/dags/meteo_etl.py","logger":"airflow.dag_processing.dagbag.BundleDagBag","filename":"dagbag.py","lineno":460}
{"timestamp":"2026-09-18T15:11:14.841253Z","level":"info","event":"Filling up the DagBag from /opt/airflow/dags/meteo_etl.py","logger":"airflow.dag_processing.dagbag.BundleDagBag","filename":"dagbag.py","lineno":460}
{"timestamp":"2026-09-18T15:11:22.029180Z","level":"info","event":"Filling up the DagBag from /opt/airflow/dags/meteo_etl.py","logger":"airflow.dag_processing.dagbag.BundleDagBag","filename":"dagbag.py","lineno":460}
{"timestamp":"2026-09-18T15:11:40.737105Z","level":"info","event":"Filling up the DagBag from /opt/airflow/dags/meteo_etl.py","logger":"airflow.dag_processing.dagbag.BundleDagBag","filename":"dagbag.py","lineno":460}
{"timestamp":"2026-09-18T15:12:11.308004Z","level":"info","event":"Filling up the DagBag from /opt/airflow/dags/meteo_etl.py","logger":"airflow.dag_processing.dagbag.BundleDagBag","filename":"dagbag.py","lineno":460}
{"timestamp":"2026-09-18T15:12:41.562077Z","level":"info","event":"Filling up the DagBag from /opt/airflow/dags/meteo_etl.py","logger":"airflow.dag_processing.dagbag.BundleDagBag","filename":"dagbag.py","lineno":460}
{"timestamp":"2026-09-18T15:13:12.045155Z","level":"info","event":"Filling up the DagBag from /opt/airflow/dags/meteo_etl.py","logger":"airflow.dag_processing.dagbag.BundleDagBag","filename":"dagbag.py","lineno":460}
{"timestamp":"2026-09-18T15:13:42.569868Z","level":"info","event":"Filling up the DagBag from /opt/airflow/dags/meteo_etl.py","logger":"airflow.dag_processing.dagbag.BundleDagBag","filename":"dagbag.py","lineno":460}
{"timestamp":"2026-09-18T15:14:13.058001Z","level":"info","event":"Filling up the DagBag from /opt/airflow/dags/meteo_etl.py","logger":"airflow.dag_processing.dagbag.BundleDagBag","filename":"dagbag.py","lineno":460}
{"timestamp":"2026-09-18T15:14:43.420609Z","level":"info","event":"Filling up the DagBag from /opt/airflow/dags/meteo_etl.py","logger":"airflow.dag_processing.dagbag.BundleDagBag","filename":"dagbag.py","lineno":460}
{"timestamp":"2026-09-18T15:15:11.186564Z","level":"info","event":"Filling up the DagBag from /opt/airflow/dags/meteo_etl.py","logger":"airflow.dag_processing.dagbag.BundleDagBag","filename":"dagbag.py","lineno":460}
{"timestamp":"2026-09-18T15:15:14.094407Z","level":"info","event":"Filling up the DagBag from /opt/airflow/dags/meteo_etl.py","logger":"airflow.dag_processing.dagbag.BundleDagBag","filename":"dagbag.py","lineno":460}
{"timestamp":"2026-09-18T15:15:44.368501Z","level":"info","event":"Filling up the DagBag from /opt/airflow/dags/meteo_etl.py","logger":"airflow.dag_processing.dagbag.BundleDagBag","filename":"dagbag.py","lineno":460}
{"timestamp":"2026-09-18T15:16:14.690625Z","level":"info","event":"Filling up the DagBag from /opt/airflow/dags/meteo_etl.py","logger":"airflow.dag_processing.dagbag.BundleDagBag","filename":"dagbag.py","lineno":460}
{"timestamp":"2026-09-18T15:16:45.031118Z","level":"info","event":"Filling up the DagBag from /opt/airflow/dags/meteo_etl.py","logger":"airflow.dag_processing.dagbag.BundleDagBag","filename":"dagbag.py","lineno":460}
{"timestamp":"2026-09-18T15:17:15.176154Z","level":"info","event":"Filling up the DagBag from /opt/airflow/dags/meteo_etl.py","logger":"airflow.dag_processing.dagbag.BundleDagBag","filename":"dagbag.py","lineno":460}
{"timestamp":"2026-09-18T15:17:45.561286Z","level":"info","event":"Filling up the DagBag from /opt/airflow/dags/meteo_etl.py","logger":"airflow.dag_processing.dagbag.BundleDagBag","filename":"dagbag.py","lineno":460}
{"timestamp":"2026-09-18T15:18:15.971685Z","level":"info","event":"Filling up the DagBag from /opt/airflow/dags/meteo_etl.py","logger":"airflow.dag_processing.dagbag.BundleDagBag","filename":"dagbag.py","lineno":460}
{"timestamp":"2026-09-18T15:18:46.213637Z","level":"info","event":"Filling up the DagBag from /opt/airflow/dags/meteo_etl.py","logger":"airflow.dag_processing.dagbag.BundleDagBag","filename":"dagbag.py","lineno":460}
{"timestamp":"2026-09-18T15:19:16.527852Z","level":"info","event":"Filling up the DagBag from /opt/airflow/dags/meteo_etl.py","logger":"airflow.dag_processing.dagbag.BundleDagBag","filename":"dagbag.py","lineno":460}
{"timestamp":"2026-09-18T15:19:46.915705Z","level":"info","event":"Filling up the DagBag from /opt/airflow/dags/meteo_etl.py","logger":"airflow.dag_processing.dagbag.BundleDagBag","filename":"dagbag.py","lineno":460}
{"timestamp":"2026-09-18T15:20:17.483881Z","level":"info","event":"Filling up the DagBag from /opt/airflow/dags/meteo_etl.py","logger":"airflow.dag_processing.dagbag.BundleDagBag","filename":"dagbag.py","lineno":460}
{"timestamp":"2026-09-18T15:20:48.260348Z","level":"info","event":"Filling up the DagBag from /opt/airflow/dags/meteo_etl.py","logger":"airflow.dag_processing.dagbag.BundleDagBag","filename":"dagbag.py","lineno":460}
{"timestamp":"2026-09-18T15:21:18.474316Z","level":"info","event":"Filling up the DagBag from /opt/airflow/dags/meteo_etl.py","logger":"airflow.dag_processing.dagbag.BundleDagBag","filename":"dagbag.py","lineno":460}
{"timestamp":"2026-09-18T15:21:49.099226Z","level":"info","event":"Filling up the DagBag from /opt/airflow/dags/meteo_etl.py","logger":"airflow.dag_processing.dagbag.BundleDagBag","filename":"dagbag.py","lineno":460}
{"timestamp":"2026-09-18T15:22:19.475489Z","level":"info","event":"Filling up the DagBag from /opt/airflow/dags/meteo_etl.py","logger":"airflow.dag_processing.dagbag.BundleDagBag","filename":"dagbag.py","lineno":460}
{"timestamp":"2026-09-18T15:22:49.622467Z","level":"info","event":"Filling up the DagBag from /opt/airflow/dags/meteo_etl.py","logger":"airflow.dag_processing.dagbag.BundleDagBag","filename":"dagbag.py","lineno":460}
{"timestamp":"2026-09-18T15:23:20.287253Z","level":"info","event":"Filling up the DagBag from /opt/airflow/dags/meteo_etl.py","logger":"airflow.dag_processing.dagbag.BundleDagBag","filename":"dagbag.py","lineno":460}
{"timestamp":"2026-09-18T15:23:51.188868Z","level":"info","event":"Filling up the DagBag from /opt/airflow/dags/meteo_etl.py","logger":"airflow.dag_processing.dagbag.BundleDagBag","filename":"dagbag.py","lineno":460}
{"timestamp":"2026-09-18T15:24:22.046269Z","level":"info","event":"Filling up the DagBag from /opt/airflow/dags/meteo_etl.py","logger":"airflow.dag_processing.dagbag.BundleDagBag","filename":"dagbag.py","lineno":460}
{"timestamp":"2026-09-18T15:24:52.798670Z","level":"info","event":"Filling up the DagBag from /opt/airflow/dags/meteo_etl.py","logger":"airflow.dag_processing.dagbag.BundleDagBag","filename":"dagbag.py","lineno":460}
{"timestamp":"2026-09-18T15:25:23.455939Z","level":"info","event":"Filling up the DagBag from /opt/airflow/dags/meteo_etl.py","logger":"airflow.dag_processing.dagbag.BundleDagBag","filename":"dagbag.py","lineno":460}
{"timestamp":"2026-09-18T15:25:54.020149Z","level":"info","event":"Filling up the DagBag from /opt/airflow/dags/meteo_etl.py","logger":"airflow.dag_processing.dagbag.BundleDagBag","filename":"dagbag.py","lineno":460}
{"timestamp":"2026-09-18T15:26:24.481940Z","level":"info","event":"Filling up the DagBag from /opt/airflow/dags/meteo_etl.py","logger":"airflow.dag_processing.dagbag.BundleDagBag","filename":"dagbag.py","lineno":460}
{"timestamp":"2026-09-18T15:26:54.826309Z","level":"info","event":"Filling up the DagBag from /opt/airflow/dags/meteo_etl.py","logger":"airflow.dag_processing.dagbag.BundleDagBag","filename":"dagbag.py","lineno":460}
{"timestamp":"2026-09-18T15:27:25.871166Z","level":"info","event":"Filling up the DagBag from /opt/airflow/dags/meteo_etl.py","logger":"airflow.dag_processing.dagbag.BundleDagBag","filename":"dagbag.py","lineno":460}
{"timestamp":"2026-09-18T15:27:56.450371Z","level":"info","event":"Filling up the DagBag from /opt/airflow/dags/meteo_etl.py","logger":"airflow.dag_processing.dagbag.BundleDagBag","filename":"dagbag.py","lineno":460}
{"timestamp":"2026-09-18T15:28:27.229918Z","level":"info","event":"Filling up the DagBag from /opt/airflow/dags/meteo_etl.py","logger":"airflow.dag_processing.dagbag.BundleDagBag","filename":"dagbag.py","lineno":460}
{"timestamp":"2026-09-18T15:28:58.027472Z","level":"info","event":"Filling up the DagBag from /opt/airflow/dags/meteo_etl.py","logger":"airflow.dag_processing.dagbag.BundleDagBag","filename":"dagbag.py","lineno":460}
{"timestamp":"2026-09-18T15:29:28.808261Z","level":"info","event":"Filling up the DagBag from /opt/airflow/dags/meteo_etl.py","logger":"airflow.dag_processing.dagbag.BundleDagBag","filename":"dagbag.py","lineno":460}
{"timestamp":"2026-09-18T15:29:59.014917Z","level":"info","event":"Filling up the DagBag from /opt/airflow/dags/meteo_etl.py","logger":"airflow.dag_processing.dagbag.BundleDagBag","filename":"dagbag.py","lineno":460}
{"timestamp":"2026-09-18T15:30:29.385288Z","level":"info","event":"Filling up the DagBag from /opt/airflow/dags/meteo_etl.py","logger":"airflow.dag_processing.dagbag.BundleDagBag","filename":"dagbag.py","lineno":460}
{"timestamp":"2026-09-18T15:30:59.690392Z","level":"info","event":"Filling up the DagBag from /opt/airflow/dags/meteo_etl.py","logger":"airflow.dag_processing.dagbag.BundleDagBag","filename":"dagbag.py","lineno":460}
{"timestamp":"2026-09-18T15:31:30.258735Z","level":"info","event":"Filling up the DagBag from /opt/airflow/dags/meteo_etl.py","logger":"airflow.dag_processing.dagbag.BundleDagBag","filename":"dagbag.py","lineno":460}
{"timestamp":"2026-09-18T15:31:39.305135Z","level":"info","event":"Filling up the DagBag from /opt/airflow/dags/meteo_etl.py","logger":"airflow.dag_processing.dagbag.BundleDagBag","filename":"dagbag.py","lineno":460}
{"timestamp":"2026-09-18T15:32:09.762995Z","level":"info","event":"Filling up the DagBag from /opt/airflow/dags/meteo_etl.py","logger":"airflow.dag_processing.dagbag.BundleDagBag","filename":"dagbag.py","lineno":460}
{"timestamp":"2026-09-18T15:32:40.340966Z","level":"info","event":"Filling up the DagBag from /opt/airflow/dags/meteo_etl.py","logger":"airflow.dag_processing.dagbag.BundleDagBag","filename":"dagbag.py","lineno":460}
{"timestamp":"2026-09-18T15:40:00.386350Z","level":"info","event":"Filling up the DagBag from /opt/airflow/dags/meteo_etl.py","logger":"airflow.dag_processing.dagbag.BundleDagBag","filename":"dagbag.py","lineno":460}
{"timestamp":"2026-09-18T15:40:30.792131Z","level":"info","event":"Filling up the DagBag from /opt/airflow/dags/meteo_etl.py","logger":"airflow.dag_processing.dagbag.BundleDagBag","filename":"dagbag.py","lineno":460}
{"timestamp":"2026-09-18T15:41:01.325550Z","level":"info","event":"Filling up the DagBag from /opt/airflow/dags/meteo_etl.py","logger":"airflow.dag_processing.dagbag.BundleDagBag","filename":"dagbag.py","lineno":460}
{"timestamp":"2026-09-18T15:41:31.760340Z","level":"info","event":"Filling up the DagBag from /opt/airflow/dags/meteo_etl.py","logger":"airflow.dag_processing.dagbag.BundleDagBag","filename":"dagbag.py","lineno":460}
{"timestamp":"2026-09-18T15:42:02.693857Z","level":"info","event":"Filling up the DagBag from /opt/airflow/dags/meteo_etl.py","logger":"airflow.dag_processing.dagbag.BundleDagBag","filename":"dagbag.py","lineno":460}
{"timestamp":"2026-09-18T15:42:32.869506Z","level":"info","event":"Filling up the DagBag from /opt/airflow/dags/meteo_etl.py","logger":"airflow.dag_processing.dagbag.BundleDagBag","filename":"dagbag.py","lineno":460}
{"timestamp":"2026-09-18T15:43:03.325123Z","level":"info","event":"Filling up the DagBag from /opt/airflow/dags/meteo_etl.py","logger":"airflow.dag_processing.dagbag.BundleDagBag","filename":"dagbag.py","lineno":460}
{"timestamp":"2026-09-18T15:44:33.252554Z","level":"info","event":"Filling up the DagBag from /opt/airflow/dags/meteo_etl.py","logger":"airflow.dag_processing.dagbag.BundleDagBag","filename":"dagbag.py","lineno":460}
{"timestamp":"2026-09-18T15:45:03.436089Z","level":"info","event":"Filling up the DagBag from /opt/airflow/dags/meteo_etl.py","logger":"airflow.dag_processing.dagbag.BundleDagBag","filename":"dagbag.py","lineno":460}
{"timestamp":"2026-09-18T15:45:34.176151Z","level":"info","event":"Filling up the DagBag from /opt/airflow/dags/meteo_etl.py","logger":"airflow.dag_processing.dagbag.BundleDagBag","filename":"dagbag.py","lineno":460}
{"timestamp":"2026-09-18T15:46:05.533824Z","level":"info","event":"Filling up the DagBag from /opt/airflow/dags/meteo_etl.py","logger":"airflow.dag_processing.dagbag.BundleDagBag","filename":"dagbag.py","lineno":460}
{"timestamp":"2026-09-18T15:46:36.261813Z","level":"info","event":"Filling up the DagBag from /opt/airflow/dags/meteo_etl.py","logger":"airflow.dag_processing.dagbag.BundleDagBag","filename":"dagbag.py","lineno":460}
{"timestamp":"2026-09-18T15:47:55.345129Z","level":"info","event":"Filling up the DagBag from /opt/airflow/dags/meteo_etl.py","logger":"airflow.dag_processing.dagbag.BundleDagBag","filename":"dagbag.py","lineno":460}
{"timestamp":"2026-09-18T15:48:25.940832Z","level":"info","event":"Filling up the DagBag from /opt/airflow/dags/meteo_etl.py","logger":"airflow.dag_processing.dagbag.BundleDagBag","filename":"dagbag.py","lineno":460}
{"timestamp":"2026-09-18T15:48:56.227670Z","level":"info","event":"Filling up the DagBag from /opt/airflow/dags/meteo_etl.py","logger":"airflow.dag_processing.dagbag.BundleDagBag","filename":"dagbag.py","lineno":460}
{"timestamp":"2026-09-18T15:49:26.792442Z","level":"info","event":"Filling up the DagBag from /opt/airflow/dags/meteo_etl.py","logger":"airflow.dag_processing.dagbag.BundleDagBag","filename":"dagbag.py","lineno":460}
{"timestamp":"2026-09-18T15:49:57.072982Z","level":"info","event":"Filling up the DagBag from /opt/airflow/dags/meteo_etl.py","logger":"airflow.dag_processing.dagbag.BundleDagBag","filename":"dagbag.py","lineno":460}
{"timestamp":"2026-09-18T15:50:27.838156Z","level":"info","event":"Filling up the DagBag from /opt/airflow/dags/meteo_etl.py","logger":"airflow.dag_processing.dagbag.BundleDagBag","filename":"dagbag.py","lineno":460}
{"timestamp":"2026-09-18T15:50:58.072917Z","level":"info","event":"Filling up the DagBag from /opt/airflow/dags/meteo_etl.py","logger":"airflow.dag_processing.dagbag.BundleDagBag","filename":"dagbag.py","lineno":460}
{"timestamp":"2026-09-18T15:51:28.902989Z","level":"info","event":"Filling up the DagBag from /opt/airflow/dags/meteo_etl.py","logger":"airflow.dag_processing.dagbag.BundleDagBag","filename":"dagbag.py","lineno":460}
{"timestamp":"2026-09-18T15:51:37.875649Z","level":"info","event":"Filling up the DagBag from /opt/airflow/dags/meteo_etl.py","logger":"airflow.dag_processing.dagbag.BundleDagBag","filename":"dagbag.py","lineno":460}
{"timestamp":"2026-09-18T15:51:37.925608Z","level":"error","event":"Failed to import: /opt/airflow/dags/meteo_etl.py","logger":"airflow.dag_processing.importers.python_importer","filename":"python_importer.py","lineno":244,"error_detail":[{"exc_type":"NameError","exc_value":"name 'dail' is not defined","exc_notes":[],"syntax_error":null,"is_cause":false,"frames":[{"filename":"/home/airflow/.local/lib/python3.13/site-packages/airflow/dag_processing/importers/python_importer.py","lineno":238,"name":"parse"},{"filename":"<frozen importlib._bootstrap_external>","lineno":1023,"name":"exec_module"},{"filename":"<frozen importlib._bootstrap>","lineno":488,"name":"_call_with_frames_removed"},{"filename":"/opt/airflow/dags/meteo_etl.py","lineno":10,"name":"<module>"}],"is_group":false,"exceptions":[]}]}
{"timestamp":"2026-09-18T15:51:37.931476Z","level":"error","event":"Error loading DAG from meteo_etl.py: name 'dail' is not defined","logger":"airflow.dag_processing.dagbag.BundleDagBag","filename":"dagbag.py","lineno":319}
{"timestamp":"2026-09-18T15:51:42.054667Z","level":"info","event":"Filling up the DagBag from /opt/airflow/dags/meteo_etl.py","logger":"airflow.dag_processing.dagbag.BundleDagBag","filename":"dagbag.py","lineno":460}
{"timestamp":"2026-09-18T15:51:42.113216Z","level":"error","event":"Failed to import: /opt/airflow/dags/meteo_etl.py","logger":"airflow.dag_processing.importers.python_importer","filename":"python_importer.py","lineno":244,"error_detail":[{"exc_type":"NameError","exc_value":"name 'daily' is not defined","exc_notes":[],"syntax_error":null,"is_cause":false,"frames":[{"filename":"/home/airflow/.local/lib/python3.13/site-packages/airflow/dag_processing/importers/python_importer.py","lineno":238,"name":"parse"},{"filename":"<frozen importlib._bootstrap_external>","lineno":1023,"name":"exec_module"},{"filename":"<frozen importlib._bootstrap>","lineno":488,"name":"_call_with_frames_removed"},{"filename":"/opt/airflow/dags/meteo_etl.py","lineno":10,"name":"<module>"}],"is_group":false,"exceptions":[]}]}
{"timestamp":"2026-09-18T15:51:42.119408Z","level":"error","event":"Error loading DAG from meteo_etl.py: name 'daily' is not defined","logger":"airflow.dag_processing.dagbag.BundleDagBag","filename":"dagbag.py","lineno":319}
{"timestamp":"2026-09-18T15:51:47.288737Z","level":"info","event":"Filling up the DagBag from /opt/airflow/dags/meteo_etl.py","logger":"airflow.dag_processing.dagbag.BundleDagBag","filename":"dagbag.py","lineno":460}
{"timestamp":"2026-09-18T15:51:47.329248Z","level":"error","event":"Error bagging DAG from /opt/airflow/dags/meteo_etl.py","logger":"airflow.dag_processing.dagbag.BundleDagBag","filename":"dagbag.py","lineno":348,"error_detail":[{"exc_type":"AirflowTimetableInvalid","exc_value":"Exactly 5, 6 or 7 columns has to be specified for iterator expression.","exc_notes":[],"syntax_error":null,"is_cause":false,"frames":[{"filename":"/home/airflow/.local/lib/python3.13/site-packages/airflow/dag_processing/dagbag.py","lineno":341,"name":"process_file"},{"filename":"/home/airflow/.local/lib/python3.13/site-packages/airflow/sdk/definitions/dag.py","lineno":763,"name":"validate"},{"filename":"/home/airflow/.local/lib/python3.13/site-packages/airflow/sdk/definitions/timetables/_cron.py","lineno":59,"name":"validate"}],"is_group":false,"exceptions":[]},{"exc_type":"CroniterBadCronError","exc_value":"Exactly 5, 6 or 7 columns has to be specified for iterator expression.","exc_notes":[],"syntax_error":null,"is_cause":false,"frames":[{"filename":"/home/airflow/.local/lib/python3.13/site-packages/airflow/sdk/definitions/timetables/_cron.py","lineno":57,"name":"validate"},{"filename":"/home/airflow/.local/lib/python3.13/site-packages/croniter/croniter.py","lineno":329,"name":"__init__"},{"filename":"/home/airflow/.local/lib/python3.13/site-packages/croniter/croniter.py","lineno":936,"name":"_expand"}],"is_group":false,"exceptions":[]}]}
{"timestamp":"2026-09-18T15:52:17.449911Z","level":"info","event":"Filling up the DagBag from /opt/airflow/dags/meteo_etl.py","logger":"airflow.dag_processing.dagbag.BundleDagBag","filename":"dagbag.py","lineno":460}
{"timestamp":"2026-09-18T15:52:17.480669Z","level":"error","event":"Error bagging DAG from /opt/airflow/dags/meteo_etl.py","logger":"airflow.dag_processing.dagbag.BundleDagBag","filename":"dagbag.py","lineno":348,"error_detail":[{"exc_type":"AirflowTimetableInvalid","exc_value":"Exactly 5, 6 or 7 columns has to be specified for iterator expression.","exc_notes":[],"syntax_error":null,"is_cause":false,"frames":[{"filename":"/home/airflow/.local/lib/python3.13/site-packages/airflow/dag_processing/dagbag.py","lineno":341,"name":"process_file"},{"filename":"/home/airflow/.local/lib/python3.13/site-packages/airflow/sdk/definitions/dag.py","lineno":763,"name":"validate"},{"filename":"/home/airflow/.local/lib/python3.13/site-packages/airflow/sdk/definitions/timetables/_cron.py","lineno":59,"name":"validate"}],"is_group":false,"exceptions":[]},{"exc_type":"CroniterBadCronError","exc_value":"Exactly 5, 6 or 7 columns has to be specified for iterator expression.","exc_notes":[],"syntax_error":null,"is_cause":false,"frames":[{"filename":"/home/airflow/.local/lib/python3.13/site-packages/airflow/sdk/definitions/timetables/_cron.py","lineno":57,"name":"validate"},{"filename":"/home/airflow/.local/lib/python3.13/site-packages/croniter/croniter.py","lineno":329,"name":"__init__"},{"filename":"/home/airflow/.local/lib/python3.13/site-packages/croniter/croniter.py","lineno":936,"name":"_expand"}],"is_group":false,"exceptions":[]}]}
{"timestamp":"2026-09-18T15:52:48.003722Z","level":"info","event":"Filling up the DagBag from /opt/airflow/dags/meteo_etl.py","logger":"airflow.dag_processing.dagbag.BundleDagBag","filename":"dagbag.py","lineno":460}
{"timestamp":"2026-09-18T15:52:48.036795Z","level":"error","event":"Error bagging DAG from /opt/airflow/dags/meteo_etl.py","logger":"airflow.dag_processing.dagbag.BundleDagBag","filename":"dagbag.py","lineno":348,"error_detail":[{"exc_type":"AirflowTimetableInvalid","exc_value":"Exactly 5, 6 or 7 columns has to be specified for iterator expression.","exc_notes":[],"syntax_error":null,"is_cause":false,"frames":[{"filename":"/home/airflow/.local/lib/python3.13/site-packages/airflow/dag_processing/dagbag.py","lineno":341,"name":"process_file"},{"filename":"/home/airflow/.local/lib/python3.13/site-packages/airflow/sdk/definitions/dag.py","lineno":763,"name":"validate"},{"filename":"/home/airflow/.local/lib/python3.13/site-packages/airflow/sdk/definitions/timetables/_cron.py","lineno":59,"name":"validate"}],"is_group":false,"exceptions":[]},{"exc_type":"CroniterBadCronError","exc_value":"Exactly 5, 6 or 7 columns has to be specified for iterator expression.","exc_notes":[],"syntax_error":null,"is_cause":false,"frames":[{"filename":"/home/airflow/.local/lib/python3.13/site-packages/airflow/sdk/definitions/timetables/_cron.py","lineno":57,"name":"validate"},{"filename":"/home/airflow/.local/lib/python3.13/site-packages/croniter/croniter.py","lineno":329,"name":"__init__"},{"filename":"/home/airflow/.local/lib/python3.13/site-packages/croniter/croniter.py","lineno":936,"name":"_expand"}],"is_group":false,"exceptions":[]}]}
{"timestamp":"2026-09-18T15:53:18.581348Z","level":"info","event":"Filling up the DagBag from /opt/airflow/dags/meteo_etl.py","logger":"airflow.dag_processing.dagbag.BundleDagBag","filename":"dagbag.py","lineno":460}
{"timestamp":"2026-09-18T15:53:18.611371Z","level":"error","event":"Error bagging DAG from /opt/airflow/dags/meteo_etl.py","logger":"airflow.dag_processing.dagbag.BundleDagBag","filename":"dagbag.py","lineno":348,"error_detail":[{"exc_type":"AirflowTimetableInvalid","exc_value":"Exactly 5, 6 or 7 columns has to be specified for iterator expression.","exc_notes":[],"syntax_error":null,"is_cause":false,"frames":[{"filename":"/home/airflow/.local/lib/python3.13/site-packages/airflow/dag_processing/dagbag.py","lineno":341,"name":"process_file"},{"filename":"/home/airflow/.local/lib/python3.13/site-packages/airflow/sdk/definitions/dag.py","lineno":763,"name":"validate"},{"filename":"/home/airflow/.local/lib/python3.13/site-packages/airflow/sdk/definitions/timetables/_cron.py","lineno":59,"name":"validate"}],"is_group":false,"exceptions":[]},{"exc_type":"CroniterBadCronError","exc_value":"Exactly 5, 6 or 7 columns has to be specified for iterator expression.","exc_notes":[],"syntax_error":null,"is_cause":false,"frames":[{"filename":"/home/airflow/.local/lib/python3.13/site-packages/airflow/sdk/definitions/timetables/_cron.py","lineno":57,"name":"validate"},{"filename":"/home/airflow/.local/lib/python3.13/site-packages/croniter/croniter.py","lineno":329,"name":"__init__"},{"filename":"/home/airflow/.local/lib/python3.13/site-packages/croniter/croniter.py","lineno":936,"name":"_expand"}],"is_group":false,"exceptions":[]}]}
{"timestamp":"2026-09-18T15:53:27.891428Z","level":"info","event":"Filling up the DagBag from /opt/airflow/dags/meteo_etl.py","logger":"airflow.dag_processing.dagbag.BundleDagBag","filename":"dagbag.py","lineno":460}
{"timestamp":"2026-09-18T15:53:27.921552Z","level":"error","event":"Error bagging DAG from /opt/airflow/dags/meteo_etl.py","logger":"airflow.dag_processing.dagbag.BundleDagBag","filename":"dagbag.py","lineno":348,"error_detail":[{"exc_type":"AirflowTimetableInvalid","exc_value":"Exactly 5, 6 or 7 columns has to be specified for iterator expression.","exc_notes":[],"syntax_error":null,"is_cause":false,"frames":[{"filename":"/home/airflow/.local/lib/python3.13/site-packages/airflow/dag_processing/dagbag.py","lineno":341,"name":"process_file"},{"filename":"/home/airflow/.local/lib/python3.13/site-packages/airflow/sdk/definitions/dag.py","lineno":763,"name":"validate"},{"filename":"/home/airflow/.local/lib/python3.13/site-packages/airflow/sdk/definitions/timetables/_cron.py","lineno":59,"name":"validate"}],"is_group":false,"exceptions":[]},{"exc_type":"CroniterBadCronError","exc_value":"Exactly 5, 6 or 7 columns has to be specified for iterator expression.","exc_notes":[],"syntax_error":null,"is_cause":false,"frames":[{"filename":"/home/airflow/.local/lib/python3.13/site-packages/airflow/sdk/definitions/timetables/_cron.py","lineno":57,"name":"validate"},{"filename":"/home/airflow/.local/lib/python3.13/site-packages/croniter/croniter.py","lineno":329,"name":"__init__"},{"filename":"/home/airflow/.local/lib/python3.13/site-packages/croniter/croniter.py","lineno":936,"name":"_expand"}],"is_group":false,"exceptions":[]}]}
{"timestamp":"2026-09-18T15:53:30.039376Z","level":"info","event":"Filling up the DagBag from /opt/airflow/dags/meteo_etl.py","logger":"airflow.dag_processing.dagbag.BundleDagBag","filename":"dagbag.py","lineno":460}
{"timestamp":"2026-09-18T15:53:30.056492Z","level":"error","event":"Failed to import: /opt/airflow/dags/meteo_etl.py","logger":"airflow.dag_processing.importers.python_importer","filename":"python_importer.py","lineno":244,"error_detail":[{"exc_type":"SyntaxError","exc_value":"invalid syntax (meteo_etl.py, line 10)","exc_notes":[],"syntax_error":{"offset":22,"filename":"/opt/airflow/dags/meteo_etl.py","line":"    schedule=schedule=\"0 0 * * *\",\n","lineno":10,"msg":"invalid syntax"},"is_cause":false,"frames":[{"filename":"/home/airflow/.local/lib/python3.13/site-packages/airflow/dag_processing/importers/python_importer.py","lineno":238,"name":"parse"},{"filename":"<frozen importlib._bootstrap_external>","lineno":1019,"name":"exec_module"},{"filename":"<frozen importlib._bootstrap_external>","lineno":1157,"name":"get_code"},{"filename":"<frozen importlib._bootstrap_external>","lineno":1087,"name":"source_to_code"},{"filename":"<frozen importlib._bootstrap>","lineno":488,"name":"_call_with_frames_removed"}],"is_group":false,"exceptions":[]}]}
{"timestamp":"2026-09-18T15:53:30.057406Z","level":"error","event":"Error loading DAG from meteo_etl.py: invalid syntax (meteo_etl.py, line 10)","logger":"airflow.dag_processing.dagbag.BundleDagBag","filename":"dagbag.py","lineno":319}
{"timestamp":"2026-09-18T15:53:34.405192Z","level":"info","event":"Filling up the DagBag from /opt/airflow/dags/meteo_etl.py","logger":"airflow.dag_processing.dagbag.BundleDagBag","filename":"dagbag.py","lineno":460}
{"timestamp":"2026-09-18T15:54:04.522153Z","level":"info","event":"Filling up the DagBag from /opt/airflow/dags/meteo_etl.py","logger":"airflow.dag_processing.dagbag.BundleDagBag","filename":"dagbag.py","lineno":460}
{"timestamp":"2026-09-18T15:54:34.880171Z","level":"info","event":"Filling up the DagBag from /opt/airflow/dags/meteo_etl.py","logger":"airflow.dag_processing.dagbag.BundleDagBag","filename":"dagbag.py","lineno":460}
{"timestamp":"2026-09-18T15:55:05.138434Z","level":"info","event":"Filling up the DagBag from /opt/airflow/dags/meteo_etl.py","logger":"airflow.dag_processing.dagbag.BundleDagBag","filename":"dagbag.py","lineno":460}
{"timestamp":"2026-09-18T15:55:36.235746Z","level":"info","event":"Filling up the DagBag from /opt/airflow/dags/meteo_etl.py","logger":"airflow.dag_processing.dagbag.BundleDagBag","filename":"dagbag.py","lineno":460}
{"timestamp":"2026-09-18T15:56:04.104559Z","level":"info","event":"Filling up the DagBag from /opt/airflow/dags/meteo_etl.py","logger":"airflow.dag_processing.dagbag.BundleDagBag","filename":"dagbag.py","lineno":460}
{"timestamp":"2026-09-18T15:56:07.070653Z","level":"info","event":"Filling up the DagBag from /opt/airflow/dags/meteo_etl.py","logger":"airflow.dag_processing.dagbag.BundleDagBag","filename":"dagbag.py","lineno":460}
{"timestamp":"2026-09-18T15:56:12.919099Z","level":"info","event":"Filling up the DagBag from /opt/airflow/dags/meteo_etl.py","logger":"airflow.dag_processing.dagbag.BundleDagBag","filename":"dagbag.py","lineno":460}
{"timestamp":"2026-09-18T15:56:18.145087Z","level":"info","event":"Filling up the DagBag from /opt/airflow/dags/meteo_etl.py","logger":"airflow.dag_processing.dagbag.BundleDagBag","filename":"dagbag.py","lineno":460}
{"timestamp":"2026-09-18T15:56:21.912178Z","level":"info","event":"Filling up the DagBag from /opt/airflow/dags/meteo_etl.py","logger":"airflow.dag_processing.dagbag.BundleDagBag","filename":"dagbag.py","lineno":460}
{"timestamp":"2026-09-18T15:56:26.127505Z","level":"info","event":"Filling up the DagBag from /opt/airflow/dags/meteo_etl.py","logger":"airflow.dag_processing.dagbag.BundleDagBag","filename":"dagbag.py","lineno":460}
{"timestamp":"2026-09-18T15:56:56.639053Z","level":"info","event":"Filling up the DagBag from /opt/airflow/dags/meteo_etl.py","logger":"airflow.dag_processing.dagbag.BundleDagBag","filename":"dagbag.py","lineno":460}
{"timestamp":"2026-09-18T15:57:06.225990Z","level":"info","event":"Filling up the DagBag from /opt/airflow/dags/meteo_etl.py","logger":"airflow.dag_processing.dagbag.BundleDagBag","filename":"dagbag.py","lineno":460}
{"timestamp":"2026-09-18T15:57:36.494741Z","level":"info","event":"Filling up the DagBag from /opt/airflow/dags/meteo_etl.py","logger":"airflow.dag_processing.dagbag.BundleDagBag","filename":"dagbag.py","lineno":460}
{"timestamp":"2026-09-18T15:58:06.910061Z","level":"info","event":"Filling up the DagBag from /opt/airflow/dags/meteo_etl.py","logger":"airflow.dag_processing.dagbag.BundleDagBag","filename":"dagbag.py","lineno":460}
{"timestamp":"2026-09-18T15:58:47.187873Z","level":"info","event":"Filling up the DagBag from /opt/airflow/dags/meteo_etl.py","logger":"airflow.dag_processing.dagbag.BundleDagBag","filename":"dagbag.py","lineno":460}
{"timestamp":"2026-09-18T15:59:18.019507Z","level":"info","event":"Filling up the DagBag from /opt/airflow/dags/meteo_etl.py","logger":"airflow.dag_processing.dagbag.BundleDagBag","filename":"dagbag.py","lineno":460}
{"timestamp":"2026-09-18T15:59:48.965154Z","level":"info","event":"Filling up the DagBag from /opt/airflow/dags/meteo_etl.py","logger":"airflow.dag_processing.dagbag.BundleDagBag","filename":"dagbag.py","lineno":460}
{"timestamp":"2026-09-18T16:00:19.521191Z","level":"info","event":"Filling up the DagBag from /opt/airflow/dags/meteo_etl.py","logger":"airflow.dag_processing.dagbag.BundleDagBag","filename":"dagbag.py","lineno":460}
{"timestamp":"2026-09-18T16:00:50.214796Z","level":"info","event":"Filling up the DagBag from /opt/airflow/dags/meteo_etl.py","logger":"airflow.dag_processing.dagbag.BundleDagBag","filename":"dagbag.py","lineno":460}
{"timestamp":"2026-09-18T16:01:21.306606Z","level":"info","event":"Filling up the DagBag from /opt/airflow/dags/meteo_etl.py","logger":"airflow.dag_processing.dagbag.BundleDagBag","filename":"dagbag.py","lineno":460}
{"timestamp":"2026-09-18T16:01:57.520401Z","level":"info","event":"Filling up the DagBag from /opt/airflow/dags/meteo_etl.py","logger":"airflow.dag_processing.dagbag.BundleDagBag","filename":"dagbag.py","lineno":460}
{"timestamp":"2026-09-18T16:02:28.311948Z","level":"info","event":"Filling up the DagBag from /opt/airflow/dags/meteo_etl.py","logger":"airflow.dag_processing.dagbag.BundleDagBag","filename":"dagbag.py","lineno":460}
{"timestamp":"2026-09-18T16:02:58.602151Z","level":"info","event":"Filling up the DagBag from /opt/airflow/dags/meteo_etl.py","logger":"airflow.dag_processing.dagbag.BundleDagBag","filename":"dagbag.py","lineno":460}
{"timestamp":"2026-09-18T16:03:28.829171Z","level":"info","event":"Filling up the DagBag from /opt/airflow/dags/meteo_etl.py","logger":"airflow.dag_processing.dagbag.BundleDagBag","filename":"dagbag.py","lineno":460}
{"timestamp":"2026-09-18T16:03:59.208484Z","level":"info","event":"Filling up the DagBag from /opt/airflow/dags/meteo_etl.py","logger":"airflow.dag_processing.dagbag.BundleDagBag","filename":"dagbag.py","lineno":460}
{"timestamp":"2026-09-18T16:04:30.160026Z","level":"info","event":"Filling up the DagBag from /opt/airflow/dags/meteo_etl.py","logger":"airflow.dag_processing.dagbag.BundleDagBag","filename":"dagbag.py","lineno":460}
{"timestamp":"2026-09-18T16:05:00.696893Z","level":"info","event":"Filling up the DagBag from /opt/airflow/dags/meteo_etl.py","logger":"airflow.dag_processing.dagbag.BundleDagBag","filename":"dagbag.py","lineno":460}
